Ranking Week,Rank,Name,Country,Points,Tournaments,Member ID
05/09/2023,1,VIKTOR AXELSEN,DEN,103906,13,25831
05/09/2023,2,ANTHONY SINISUKA GINTING,INA,82979,16,95661
05/09/2023,3,KODAI NARAOKA,JPN,74422,19,62063
05/09/2023,4,LOH KEAN YEW,SGP,72474,18,76115
05/09/2023,5,CHOU TIEN CHEN,TPE,71266,20,34810
05/09/2023,6,JONATAN CHRISTIE,INA,70712,15,73442
05/09/2023,7,KUNLAVUT VITIDSARN,THA,68839,13,64032
05/09/2023,8,LEE ZII JIA,MAS,67468,17,81561
05/09/2023,9,PRANNOY H. S.,IND,66147,18,83950
05/09/2023,10,SHI YU QI,CHN,64540,14,57945
05/09/2023,11,LI SHI FENG,CHN,61893,17,95476
05/09/2023,12,LU GUANG ZU,CHN,60030,19,77427
05/09/2023,13,KENTA NISHIMOTO,JPN,58069,19,85394
05/09/2023,14,KANTA TSUNEYAMA,JPN,57698,16,57823
05/09/2023,15,NG KA LONG ANGUS,HKG,56702,17,45171
05/09/2023,16,ZHAO JUN PENG,CHN,55668,17,95930
05/09/2023,17,LEE CHEUK YIU,HKG,52594,18,94780
05/09/2023,18,RASMUS GEMKE,DEN,50841,13,62855
05/09/2023,19,CHICO AURA DWI WARDOYO,INA,50664,16,71408
05/09/2023,20,ANDERS ANTONSEN,DEN,50523,12,91554
05/09/2023,21,KENTO MOMOTA,JPN,46744,11,89785
05/09/2023,22,KIDAMBI SRIKANTH,IND,46131,16,93627
05/09/2023,23,LAKSHYA SEN,IND,45424,15,68870
05/09/2023,24,WANG TZU WEI,TPE,45146,17,87375
05/09/2023,25,NG TZE YONG,MAS,44324,17,81362
05/09/2023,26,BRIAN YANG,CAN,41280,21,63122
05/09/2023,27,LIN CHUN-YI,TPE,40000,17,86114
05/09/2023,28,KANTAPHON WANGCHAROEN,THA,39842,16,92508
05/09/2023,29,SHESAR HIREN RHUSTAVITO,INA,39153,13,81887
05/09/2023,30,TOMA JUNIOR POPOV,FRA,38453,17,61628
05/09/2023,31,NHAT NGUYEN,IRL,37149,18,85095
05/09/2023,32,KOKI WATANABE,JPN,35327,13,97174
05/09/2023,33,LIEW DAREN,MAS,35299,15,52864
05/09/2023,34,SITTHIKOM THAMMASIN,THA,34436,17,58963
05/09/2023,35,WENG HONG YANG,CHN,33803,13,77042
05/09/2023,36,HANS-KRISTIAN SOLBERG VITTINGHUS,DEN,33322,14,53753
05/09/2023,37,PRIYANSHU RAJAWAT,IND,30786,13,69093
05/09/2023,38,CHRISTO POPOV,FRA,30030,14,72885
05/09/2023,39,MAGNUS JOHANNESEN,DEN,29270,17,97030
05/09/2023,40,KEVIN CORDON,GUA,28212,11,54897
05/09/2023,41,MISHA ZILBERMAN,ISR,28104,14,52953
05/09/2023,42,MITHUN MANJUNATH,IND,27660,12,62720
05/09/2023,43,ALEX LANIER,FRA,27305,13,94580
05/09/2023,44,CHEAM JUNE WEI,MAS,27250,19,92796
05/09/2023,45,CHIA HAO LEE,TPE,27130,18,59322
05/09/2023,46,MARK CALJOUW,NED,27085,13,76973
05/09/2023,47,HEO KWANG HEE,KOR,26785,11,68718
05/09/2023,48,CHI YU JEN,TPE,26111,19,77848
05/09/2023,49,JEON HYEOK JIN,KOR,25779,12,65580
05/09/2023,50,JUSTIN HOH,MAS,25720,10,68392
05/09/2023,51,MADS CHRISTOPHERSEN,DEN,25700,15,83938
05/09/2023,52,LUÍS ENRIQUE PEÑALVER,ESP,25693,13,71221
05/09/2023,53,SAI PRANEETH B.,IND,25450,13,42776
05/09/2023,54,BRICE LEVERDEZ,FRA,24750,11,52968
05/09/2023,55,JAN LOUDA,CZE,24620,14,61423
05/09/2023,56,YGOR COELHO,BRA,24360,15,96429
05/09/2023,57,YUSHI TANAKA,JPN,24160,12,86672
05/09/2023,58,ARNAUD MERKLE,FRA,24093,11,59543
05/09/2023,59,CHRISTIAN ADINATA,INA,24060,11,69006
05/09/2023,60,SAMEER VERMA,IND,23980,9,77003
05/09/2023,61,URIEL FRANCISCO CANJURA ARTIGA,ESA,23650,13,74579
05/09/2023,62,KIRAN GEORGE,IND,23630,14,68317
05/09/2023,63,SU LI YANG,TPE,23090,21,94397
05/09/2023,64,LEONG JUN HAO,MAS,23038,14,84838
05/09/2023,65,TOMMY SUGIARTO,INA,23030,11,14587
05/09/2023,66,VICTOR SVENDSEN,DEN,22290,17,59420
05/09/2023,67,KAI SCHAEFER,GER,22282,18,20808
05/09/2023,68,RIKU HATANO,JPN,21874,13,62018
05/09/2023,69,MINORU KOGA,JPN,21840,11,80062
05/09/2023,70,TAKUMA OBAYASHI,JPN,21400,7,74076
05/09/2023,71,SOONG JOO VEN,MAS,21040,14,87117
05/09/2023,72,JONATHAN MATIAS,BRA,20941,14,86470
05/09/2023,73,MEIRABA LUWANG MAISNAM,IND,20820,16,91651
05/09/2023,74,LU CHIA HUNG,TPE,20209,20,91254
05/09/2023,75,JULIEN CARRAGGI,BEL,19198,17,70399
05/09/2023,76,JASON ANTHONY HO-SHUE,CAN,18417,8,93791
05/09/2023,77,FELIX BURESTEDT,SWE,18385,14,83985
05/09/2023,78,LEI LAN XI,CHN,18377,7,91673
05/09/2023,79,ADE RESKY DWICAHYO,AZE,17900,17,78890
05/09/2023,80,IKHSAN LEONARDO IMANUEL RUMBAY,INA,17540,10,90657
05/09/2023,81,S.SANKAR MUTHUSAMY SUBRAMANIAN,IND,17000,19,91814
05/09/2023,82,SATHISH KUMAR KARUNAKARAN,IND,16840,14,79164
05/09/2023,83,KOO TAKAHASHI,JPN,16800,12,86230
05/09/2023,84,CHEN CHI TING,TPE,16520,16,76994
05/09/2023,85,JORAN KWEEKEL,NED,16423,13,62286
05/09/2023,86,JIA HENG JASON TEH,SGP,16369,16,82606
05/09/2023,87,SUN FEI XIANG,CHN,16280,8,57762
05/09/2023,88,YEOH SENG ZOE,MAS,16230,13,95952
05/09/2023,89,BAHAEDEEN AHMAD ALSHANNIK,JOR,16040,10,95425
05/09/2023,90,ALWI FARHAN,INA,15940,11,58089
05/09/2023,91,KALLE KOLJONEN,FIN,15671,11,92655
05/09/2023,92,MAX WEISSKIRCHEN,GER,15660,11,84815
05/09/2023,93,DANYLO BOSNIUK,UKR,15438,15,58328
05/09/2023,94,FABIAN ROTH,GER,14995,17,57297
05/09/2023,95,LEE SHUN YANG,MAS,14990,12,62615
05/09/2023,96,CHAN YIN CHAK,HKG,14960,8,57924
05/09/2023,97,PARUPALLI KASHYAP,IND,14910,5,53944
05/09/2023,98,LIN KUAN-TING,TPE,14890,15,58639
05/09/2023,99,SHOLEH AIDIL,MAS,14817,12,79110
05/02/2023,1,VIKTOR AXELSEN,DEN,103906,13,25831
05/02/2023,2,ANTHONY SINISUKA GINTING,INA,82979,16,95661
05/02/2023,3,KODAI NARAOKA,JPN,74422,19,62063
05/02/2023,4,LOH KEAN YEW,SGP,72474,18,76115
05/02/2023,5,CHOU TIEN CHEN,TPE,71266,20,34810
05/02/2023,6,JONATAN CHRISTIE,INA,70712,15,73442
05/02/2023,7,KUNLAVUT VITIDSARN,THA,68839,13,64032
05/02/2023,8,LEE ZII JIA,MAS,67468,17,81561
05/02/2023,9,PRANNOY H. S.,IND,66147,18,83950
05/02/2023,10,SHI YU QI,CHN,64540,14,57945
05/02/2023,11,LI SHI FENG,CHN,61893,17,95476
05/02/2023,12,LU GUANG ZU,CHN,60030,19,77427
05/02/2023,13,KENTA NISHIMOTO,JPN,58069,19,85394
05/02/2023,14,KANTA TSUNEYAMA,JPN,57698,16,57823
05/02/2023,15,NG KA LONG ANGUS,HKG,56702,17,45171
05/02/2023,16,ZHAO JUN PENG,CHN,55668,17,95930
05/02/2023,17,LEE CHEUK YIU,HKG,52594,18,94780
05/02/2023,18,RASMUS GEMKE,DEN,50841,13,62855
05/02/2023,19,CHICO AURA DWI WARDOYO,INA,50664,16,71408
05/02/2023,20,ANDERS ANTONSEN,DEN,50523,12,91554
05/02/2023,21,KENTO MOMOTA,JPN,46744,11,89785
05/02/2023,22,KIDAMBI SRIKANTH,IND,46131,16,93627
05/02/2023,23,LAKSHYA SEN,IND,45424,15,68870
05/02/2023,24,WANG TZU WEI,TPE,45146,17,87375
05/02/2023,25,NG TZE YONG,MAS,44324,17,81362
05/02/2023,26,BRIAN YANG,CAN,41280,20,63122
05/02/2023,27,LIN CHUN-YI,TPE,40000,17,86114
05/02/2023,28,KANTAPHON WANGCHAROEN,THA,39842,16,92508
05/02/2023,29,SHESAR HIREN RHUSTAVITO,INA,39153,13,81887
05/02/2023,30,TOMA JUNIOR POPOV,FRA,38453,17,61628
05/02/2023,31,NHAT NGUYEN,IRL,37149,18,85095
05/02/2023,32,KOKI WATANABE,JPN,35327,13,97174
05/02/2023,33,LIEW DAREN,MAS,35299,15,52864
05/02/2023,34,SITTHIKOM THAMMASIN,THA,34436,17,58963
05/02/2023,35,WENG HONG YANG,CHN,33803,13,77042
05/02/2023,36,HANS-KRISTIAN SOLBERG VITTINGHUS,DEN,33322,14,53753
05/02/2023,37,PRIYANSHU RAJAWAT,IND,30786,13,69093
05/02/2023,38,CHRISTO POPOV,FRA,30030,14,72885
05/02/2023,39,MAGNUS JOHANNESEN,DEN,29880,18,97030
05/02/2023,40,MISHA ZILBERMAN,ISR,28104,13,52953
05/02/2023,41,MITHUN MANJUNATH,IND,27660,12,62720
05/02/2023,42,ALEX LANIER,FRA,27305,13,94580
05/02/2023,43,CHEAM JUNE WEI,MAS,27250,19,92796
05/02/2023,44,CHIA HAO LEE,TPE,27130,18,59322
05/02/2023,45,MARK CALJOUW,NED,27085,13,76973
05/02/2023,46,HEO KWANG HEE,KOR,26785,11,68718
05/02/2023,47,MADS CHRISTOPHERSEN,DEN,26680,16,83938
05/02/2023,48,KEVIN CORDON,GUA,26332,10,54897
05/02/2023,49,CHI YU JEN,TPE,26111,19,77848
05/02/2023,50,JEON HYEOK JIN,KOR,25779,12,65580
05/02/2023,51,JUSTIN HOH,MAS,25720,10,68392
05/02/2023,52,LUÍS ENRIQUE PEÑALVER,ESP,25693,12,71221
05/02/2023,53,SAI PRANEETH B.,IND,25450,13,42776
05/02/2023,54,BRICE LEVERDEZ,FRA,24750,11,52968
05/02/2023,55,YGOR COELHO,BRA,24360,14,96429
05/02/2023,56,YUSHI TANAKA,JPN,24160,12,86672
05/02/2023,57,CHRISTIAN ADINATA,INA,24060,11,69006
05/02/2023,58,SAMEER VERMA,IND,23980,9,77003
05/02/2023,59,KIRAN GEORGE,IND,23630,14,68317
05/02/2023,60,SU LI YANG,TPE,23090,21,94397
05/02/2023,61,LEONG JUN HAO,MAS,23038,14,84838
05/02/2023,62,TOMMY SUGIARTO,INA,23030,11,14587
05/02/2023,63,ARNAUD MERKLE,FRA,22323,10,59543
05/02/2023,64,VICTOR SVENDSEN,DEN,22290,17,59420
05/02/2023,65,KAI SCHAEFER,GER,22282,17,20808
05/02/2023,66,JAN LOUDA,CZE,22140,13,61423
05/02/2023,67,URIEL FRANCISCO CANJURA ARTIGA,ESA,22000,12,74579
05/02/2023,68,RIKU HATANO,JPN,21874,13,62018
05/02/2023,69,MINORU KOGA,JPN,21840,11,80062
05/02/2023,70,TAKUMA OBAYASHI,JPN,21400,7,74076
05/02/2023,71,SOONG JOO VEN,MAS,21040,14,87117
05/02/2023,72,MEIRABA LUWANG MAISNAM,IND,20820,16,91651
05/02/2023,73,JONATHAN MATIAS,BRA,20341,13,86470
05/02/2023,74,LU CHIA HUNG,TPE,20209,20,91254
05/02/2023,75,JULIEN CARRAGGI,BEL,18598,17,70399
05/02/2023,76,JASON ANTHONY HO-SHUE,CAN,18417,8,93791
05/02/2023,77,FELIX BURESTEDT,SWE,18385,14,83985
05/02/2023,78,LEI LAN XI,CHN,18377,7,91673
05/02/2023,79,IKHSAN LEONARDO IMANUEL RUMBAY,INA,17540,10,90657
05/02/2023,80,ADE RESKY DWICAHYO,AZE,17140,16,78890
05/02/2023,81,SATHISH KUMAR KARUNAKARAN,IND,16840,14,79164
05/02/2023,82,KOO TAKAHASHI,JPN,16800,12,86230
05/02/2023,83,CHEN CHI TING,TPE,16520,16,76994
05/02/2023,84,JORAN KWEEKEL,NED,16423,13,62286
05/02/2023,85,JIA HENG JASON TEH,SGP,16369,16,82606
05/02/2023,86,SUN FEI XIANG,CHN,16280,8,57762
05/02/2023,87,YEOH SENG ZOE,MAS,16230,13,95952
05/02/2023,88,BAHAEDEEN AHMAD ALSHANNIK,JOR,16040,10,95425
05/02/2023,89,ALWI FARHAN,INA,15940,11,58089
05/02/2023,90,KALLE KOLJONEN,FIN,15671,11,92655
05/02/2023,91,S.SANKAR MUTHUSAMY SUBRAMANIAN,IND,15420,18,91814
05/02/2023,92,FABIAN ROTH,GER,14995,16,57297
05/02/2023,93,LEE SHUN YANG,MAS,14990,12,62615
05/02/2023,94,CHAN YIN CHAK,HKG,14960,8,57924
05/02/2023,95,PARUPALLI KASHYAP,IND,14910,5,53944
05/02/2023,96,SHOLEH AIDIL,MAS,14817,12,79110
05/02/2023,97,MAX WEISSKIRCHEN,GER,14460,10,84815
05/02/2023,98,SAMUEL HSIAO,GER,14405,20,73966
05/02/2023,99,KARTIKEY GULSHAN KUMAR,IND,14360,10,64794
04/25/2023,1,VIKTOR AXELSEN,DEN,108206,14,25831
04/25/2023,2,ANTHONY SINISUKA GINTING,INA,77579,16,95661
04/25/2023,3,JONATAN CHRISTIE,INA,76112,16,73442
04/25/2023,4,LEE ZII JIA,MAS,75868,17,81561
04/25/2023,5,KODAI NARAOKA,JPN,73322,18,62063
04/25/2023,6,CHOU TIEN CHEN,TPE,71266,19,34810
04/25/2023,7,LOH KEAN YEW,SGP,68874,18,76115
04/25/2023,8,KUNLAVUT VITIDSARN,THA,67039,12,64032
04/25/2023,9,PRANNOY H. S.,IND,64347,17,83950
04/25/2023,10,SHI YU QI,CHN,62400,13,57945
04/25/2023,11,LI SHI FENG,CHN,61893,17,95476
04/25/2023,12,KENTA NISHIMOTO,JPN,58069,19,85394
04/25/2023,13,ANDERS ANTONSEN,DEN,56653,13,91554
04/25/2023,14,LU GUANG ZU,CHN,55950,18,77427
04/25/2023,15,KANTA TSUNEYAMA,JPN,55898,16,57823
04/25/2023,16,ZHAO JUN PENG,CHN,55668,17,95930
04/25/2023,17,NG KA LONG ANGUS,HKG,54902,16,45171
04/25/2023,18,CHICO AURA DWI WARDOYO,INA,54264,16,71408
04/25/2023,19,RASMUS GEMKE,DEN,50841,13,62855
04/25/2023,20,LEE CHEUK YIU,HKG,50794,18,94780
04/25/2023,21,KENTO MOMOTA,JPN,47524,12,89785
04/25/2023,22,WANG TZU WEI,TPE,46946,17,87375
04/25/2023,23,KIDAMBI SRIKANTH,IND,46131,16,93627
04/25/2023,24,LAKSHYA SEN,IND,45424,15,68870
04/25/2023,25,NG TZE YONG,MAS,44324,17,81362
04/25/2023,26,TOMA JUNIOR POPOV,FRA,42213,18,61628
04/25/2023,27,SHESAR HIREN RHUSTAVITO,INA,41293,14,81887
04/25/2023,28,LIN CHUN-YI,TPE,40500,18,86114
04/25/2023,29,BRIAN YANG,CAN,40230,20,63122
04/25/2023,30,WENG HONG YANG,CHN,39983,14,77042
04/25/2023,31,KANTAPHON WANGCHAROEN,THA,39842,16,92508
04/25/2023,32,NHAT NGUYEN,IRL,39529,19,85095
04/25/2023,33,KOKI WATANABE,JPN,37907,14,97174
04/25/2023,34,LIEW DAREN,MAS,37439,16,52864
04/25/2023,35,HANS-KRISTIAN SOLBERG VITTINGHUS,DEN,36142,15,53753
04/25/2023,36,SITTHIKOM THAMMASIN,THA,35216,18,58963
04/25/2023,37,MISHA ZILBERMAN,ISR,32854,14,52953
04/25/2023,38,PRIYANSHU RAJAWAT,IND,30786,13,69093
04/25/2023,39,CHRISTO POPOV,FRA,30030,14,72885
04/25/2023,40,MAGNUS JOHANNESEN,DEN,29880,18,97030
04/25/2023,41,MARK CALJOUW,NED,29015,14,76973
04/25/2023,42,BRICE LEVERDEZ,FRA,28490,12,52968
04/25/2023,43,HEO KWANG HEE,KOR,28485,12,68718
04/25/2023,44,KEVIN CORDON,GUA,28432,10,54897
04/25/2023,45,LUÍS ENRIQUE PEÑALVER,ESP,27773,13,71221
04/25/2023,46,MITHUN MANJUNATH,IND,27660,12,62720
04/25/2023,47,ALEX LANIER,FRA,27305,13,94580
04/25/2023,48,CHEAM JUNE WEI,MAS,27250,19,92796
04/25/2023,49,SAI PRANEETH B.,IND,27150,14,42776
04/25/2023,50,CHIA HAO LEE,TPE,27130,18,59322
04/25/2023,51,MADS CHRISTOPHERSEN,DEN,26680,16,83938
04/25/2023,52,CHI YU JEN,TPE,26111,19,77848
04/25/2023,53,JUSTIN HOH,MAS,25720,10,68392
04/25/2023,54,YGOR COELHO,BRA,24360,14,96429
04/25/2023,55,YUSHI TANAKA,JPN,24160,12,86672
04/25/2023,56,CHRISTIAN ADINATA,INA,24060,11,69006
04/25/2023,57,SAMEER VERMA,IND,23980,9,77003
04/25/2023,58,KIRAN GEORGE,IND,23630,14,68317
04/25/2023,59,JEON HYEOK JIN,KOR,23099,11,65580
04/25/2023,60,SU LI YANG,TPE,23090,21,94397
04/25/2023,61,LEONG JUN HAO,MAS,23038,14,84838
04/25/2023,62,TOMMY SUGIARTO,INA,23030,11,14587
04/25/2023,63,JAN LOUDA,CZE,22840,14,61423
04/25/2023,64,ARNAUD MERKLE,FRA,22323,10,59543
04/25/2023,65,VICTOR SVENDSEN,DEN,22290,17,59420
04/25/2023,66,KAI SCHAEFER,GER,22282,18,20808
04/25/2023,67,JASON ANTHONY HO-SHUE,CAN,22267,9,93791
04/25/2023,68,RIKU HATANO,JPN,21874,13,62018
04/25/2023,69,MINORU KOGA,JPN,21840,11,80062
04/25/2023,70,TAKUMA OBAYASHI,JPN,21400,7,74076
04/25/2023,71,LEI LAN XI,CHN,21377,8,91673
04/25/2023,72,SOONG JOO VEN,MAS,21040,14,87117
04/25/2023,73,URIEL FRANCISCO CANJURA ARTIGA,ESA,20950,12,74579
04/25/2023,74,MEIRABA LUWANG MAISNAM,IND,20820,16,91651
04/25/2023,75,FELIX BURESTEDT,SWE,20465,15,83985
04/25/2023,76,LU CHIA HUNG,TPE,20209,20,91254
04/25/2023,77,SUN FEI XIANG,CHN,19280,9,57762
04/25/2023,78,JONATHAN MATIAS,BRA,19241,13,86470
04/25/2023,79,JORAN KWEEKEL,NED,19103,14,62286
04/25/2023,80,JULIEN CARRAGGI,BEL,18598,18,70399
04/25/2023,81,JIA HENG JASON TEH,SGP,18449,17,82606
04/25/2023,82,MAX WEISSKIRCHEN,GER,17740,11,84815
04/25/2023,83,IKHSAN LEONARDO IMANUEL RUMBAY,INA,17540,10,90657
04/25/2023,84,SHOLEH AIDIL,MAS,17387,13,79110
04/25/2023,85,ADE RESKY DWICAHYO,AZE,17140,17,78890
04/25/2023,86,SATHISH KUMAR KARUNAKARAN,IND,16840,14,79164
04/25/2023,87,KOO TAKAHASHI,JPN,16800,12,86230
04/25/2023,88,CHEN CHI TING,TPE,16520,16,76994
04/25/2023,89,KALLE KOLJONEN,FIN,16231,12,92655
04/25/2023,90,YEOH SENG ZOE,MAS,16230,13,95952
04/25/2023,91,CHAN YIN CHAK,HKG,16160,9,57924
04/25/2023,92,ALWI FARHAN,INA,15940,11,58089
04/25/2023,93,S.SANKAR MUTHUSAMY SUBRAMANIAN,IND,15420,18,91814
04/25/2023,94,BERNARDO ATILANO,POR,15198,10,83597
04/25/2023,95,FABIAN ROTH,GER,14995,16,57297
04/25/2023,96,LEE SHUN YANG,MAS,14990,12,62615
04/25/2023,97,PARUPALLI KASHYAP,IND,14910,5,53944
04/25/2023,98,MILAN DRATVA,SVK,14780,16,68819
04/25/2023,99,SAMUEL HSIAO,GER,14405,20,73966
04/18/2023,1,VIKTOR AXELSEN,DEN,108206,14,25831
04/18/2023,2,ANTHONY SINISUKA GINTING,INA,77579,16,95661
04/18/2023,3,JONATAN CHRISTIE,INA,76112,16,73442
04/18/2023,4,LEE ZII JIA,MAS,75868,17,81561
04/18/2023,5,KODAI NARAOKA,JPN,73322,18,62063
04/18/2023,6,CHOU TIEN CHEN,TPE,71266,19,34810
04/18/2023,7,LOH KEAN YEW,SGP,68874,18,76115
04/18/2023,8,KUNLAVUT VITIDSARN,THA,67039,12,64032
04/18/2023,9,PRANNOY H. S.,IND,64347,17,83950
04/18/2023,10,SHI YU QI,CHN,62400,13,57945
04/18/2023,11,LI SHI FENG,CHN,61893,17,95476
04/18/2023,12,KENTA NISHIMOTO,JPN,58069,19,85394
04/18/2023,13,ANDERS ANTONSEN,DEN,56653,13,91554
04/18/2023,14,LU GUANG ZU,CHN,55950,18,77427
04/18/2023,15,KANTA TSUNEYAMA,JPN,55898,16,57823
04/18/2023,16,ZHAO JUN PENG,CHN,55668,17,95930
04/18/2023,17,NG KA LONG ANGUS,HKG,54902,16,45171
04/18/2023,18,CHICO AURA DWI WARDOYO,INA,54264,16,71408
04/18/2023,19,RASMUS GEMKE,DEN,50841,13,62855
04/18/2023,20,LEE CHEUK YIU,HKG,50794,18,94780
04/18/2023,21,KENTO MOMOTA,JPN,47524,12,89785
04/18/2023,22,WANG TZU WEI,TPE,46946,17,87375
04/18/2023,23,KIDAMBI SRIKANTH,IND,46131,16,93627
04/18/2023,24,LAKSHYA SEN,IND,45424,15,68870
04/18/2023,25,NG TZE YONG,MAS,44324,17,81362
04/18/2023,26,TOMA JUNIOR POPOV,FRA,42213,18,61628
04/18/2023,27,SHESAR HIREN RHUSTAVITO,INA,41293,14,81887
04/18/2023,28,LIN CHUN-YI,TPE,40500,18,86114
04/18/2023,29,BRIAN YANG,CAN,40230,20,63122
04/18/2023,30,WENG HONG YANG,CHN,39983,14,77042
04/18/2023,31,KANTAPHON WANGCHAROEN,THA,39842,16,92508
04/18/2023,32,NHAT NGUYEN,IRL,39529,19,85095
04/18/2023,33,KOKI WATANABE,JPN,37907,14,97174
04/18/2023,34,LIEW DAREN,MAS,37439,16,52864
04/18/2023,35,HANS-KRISTIAN SOLBERG VITTINGHUS,DEN,36142,15,53753
04/18/2023,36,SITTHIKOM THAMMASIN,THA,35216,18,58963
04/18/2023,37,MISHA ZILBERMAN,ISR,32854,14,52953
04/18/2023,38,PRIYANSHU RAJAWAT,IND,30786,13,69093
04/18/2023,39,CHRISTO POPOV,FRA,30030,14,72885
04/18/2023,40,MAGNUS JOHANNESEN,DEN,29880,18,97030
04/18/2023,41,MARK CALJOUW,NED,29015,14,76973
04/18/2023,42,BRICE LEVERDEZ,FRA,28490,12,52968
04/18/2023,43,HEO KWANG HEE,KOR,28485,12,68718
04/18/2023,44,KEVIN CORDON,GUA,28432,10,54897
04/18/2023,45,LUÍS ENRIQUE PEÑALVER,ESP,27773,13,71221
04/18/2023,46,MITHUN MANJUNATH,IND,27660,12,62720
04/18/2023,47,ALEX LANIER,FRA,27305,13,94580
04/18/2023,48,CHEAM JUNE WEI,MAS,27250,19,92796
04/18/2023,49,SAI PRANEETH B.,IND,27150,14,42776
04/18/2023,50,CHIA HAO LEE,TPE,27130,18,59322
04/18/2023,51,MADS CHRISTOPHERSEN,DEN,26680,16,83938
04/18/2023,52,CHI YU JEN,TPE,26111,19,77848
04/18/2023,53,JUSTIN HOH,MAS,25720,10,68392
04/18/2023,54,YGOR COELHO,BRA,24360,14,96429
04/18/2023,55,YUSHI TANAKA,JPN,24160,12,86672
04/18/2023,56,CHRISTIAN ADINATA,INA,24060,11,69006
04/18/2023,57,SAMEER VERMA,IND,23980,9,77003
04/18/2023,58,KIRAN GEORGE,IND,23630,14,68317
04/18/2023,59,JEON HYEOK JIN,KOR,23099,11,65580
04/18/2023,60,SU LI YANG,TPE,23090,21,94397
04/18/2023,61,LEONG JUN HAO,MAS,23038,14,84838
04/18/2023,62,TOMMY SUGIARTO,INA,23030,11,14587
04/18/2023,63,JAN LOUDA,CZE,22840,14,61423
04/18/2023,64,ARNAUD MERKLE,FRA,22323,10,59543
04/18/2023,65,VICTOR SVENDSEN,DEN,22290,17,59420
04/18/2023,66,KAI SCHAEFER,GER,22282,18,20808
04/18/2023,67,JASON ANTHONY HO-SHUE,CAN,22267,9,93791
04/18/2023,68,RIKU HATANO,JPN,21874,13,62018
04/18/2023,69,MINORU KOGA,JPN,21840,11,80062
04/18/2023,70,TAKUMA OBAYASHI,JPN,21400,7,74076
04/18/2023,71,LEI LAN XI,CHN,21377,8,91673
04/18/2023,72,SOONG JOO VEN,MAS,21040,14,87117
04/18/2023,73,URIEL FRANCISCO CANJURA ARTIGA,ESA,20950,12,74579
04/18/2023,74,MEIRABA LUWANG MAISNAM,IND,20820,16,91651
04/18/2023,75,FELIX BURESTEDT,SWE,20465,15,83985
04/18/2023,76,LU CHIA HUNG,TPE,20209,20,91254
04/18/2023,77,SUN FEI XIANG,CHN,19280,9,57762
04/18/2023,78,JONATHAN MATIAS,BRA,19241,13,86470
04/18/2023,79,JORAN KWEEKEL,NED,19103,14,62286
04/18/2023,80,JULIEN CARRAGGI,BEL,18598,18,70399
04/18/2023,81,JIA HENG JASON TEH,SGP,18449,17,82606
04/18/2023,82,MAX WEISSKIRCHEN,GER,17740,11,84815
04/18/2023,83,IKHSAN LEONARDO IMANUEL RUMBAY,INA,17540,10,90657
04/18/2023,84,SHOLEH AIDIL,MAS,17387,13,79110
04/18/2023,85,ADE RESKY DWICAHYO,AZE,17140,17,78890
04/18/2023,86,SATHISH KUMAR KARUNAKARAN,IND,16840,14,79164
04/18/2023,87,KOO TAKAHASHI,JPN,16800,12,86230
04/18/2023,88,CHEN CHI TING,TPE,16520,16,76994
04/18/2023,89,KALLE KOLJONEN,FIN,16231,12,92655
04/18/2023,90,YEOH SENG ZOE,MAS,16230,13,95952
04/18/2023,91,CHAN YIN CHAK,HKG,16160,9,57924
04/18/2023,92,ALWI FARHAN,INA,15940,11,58089
04/18/2023,93,S.SANKAR MUTHUSAMY SUBRAMANIAN,IND,15420,18,91814
04/18/2023,94,BERNARDO ATILANO,POR,15198,10,83597
04/18/2023,95,FABIAN ROTH,GER,14995,16,57297
04/18/2023,96,LEE SHUN YANG,MAS,14990,12,62615
04/18/2023,97,PARUPALLI KASHYAP,IND,14910,5,53944
04/18/2023,98,MILAN DRATVA,SVK,14780,16,68819
04/18/2023,99,SAMUEL HSIAO,GER,14405,20,73966
04/11/2023,1,VIKTOR AXELSEN,DEN,108206,14,25831
04/11/2023,2,ANTHONY SINISUKA GINTING,INA,77579,16,95661
04/11/2023,3,JONATAN CHRISTIE,INA,76112,16,73442
04/11/2023,4,LEE ZII JIA,MAS,75868,17,81561
04/11/2023,5,KODAI NARAOKA,JPN,73772,19,62063
04/11/2023,6,CHOU TIEN CHEN,TPE,71266,19,34810
04/11/2023,7,LOH KEAN YEW,SGP,68874,18,76115
04/11/2023,8,KUNLAVUT VITIDSARN,THA,67039,12,64032
04/11/2023,9,PRANNOY H. S.,IND,64347,17,83950
04/11/2023,10,SHI YU QI,CHN,62400,13,57945
04/11/2023,11,LI SHI FENG,CHN,61893,18,95476
04/11/2023,12,KENTA NISHIMOTO,JPN,58069,19,85394
04/11/2023,13,ANDERS ANTONSEN,DEN,56653,13,91554
04/11/2023,14,LU GUANG ZU,CHN,55950,19,77427
04/11/2023,15,KANTA TSUNEYAMA,JPN,55898,16,57823
04/11/2023,16,ZHAO JUN PENG,CHN,55668,18,95930
04/11/2023,17,NG KA LONG ANGUS,HKG,54902,16,45171
04/11/2023,18,CHICO AURA DWI WARDOYO,INA,54264,16,71408
04/11/2023,19,RASMUS GEMKE,DEN,50841,13,62855
04/11/2023,20,LEE CHEUK YIU,HKG,50794,18,94780
04/11/2023,21,KENTO MOMOTA,JPN,47524,12,89785
04/11/2023,22,WANG TZU WEI,TPE,46946,17,87375
04/11/2023,23,KIDAMBI SRIKANTH,IND,46131,16,93627
04/11/2023,24,LAKSHYA SEN,IND,45424,15,68870
04/11/2023,25,NG TZE YONG,MAS,44324,17,81362
04/11/2023,26,TOMA JUNIOR POPOV,FRA,42213,18,61628
04/11/2023,27,SHESAR HIREN RHUSTAVITO,INA,41293,14,81887
04/11/2023,28,WENG HONG YANG,CHN,40513,15,77042
04/11/2023,29,LIN CHUN-YI,TPE,40500,18,86114
04/11/2023,30,BRIAN YANG,CAN,40230,20,63122
04/11/2023,31,KANTAPHON WANGCHAROEN,THA,39842,16,92508
04/11/2023,32,NHAT NGUYEN,IRL,39529,19,85095
04/11/2023,33,KOKI WATANABE,JPN,37907,14,97174
04/11/2023,34,SITTHIKOM THAMMASIN,THA,37896,19,58963
04/11/2023,35,LIEW DAREN,MAS,37439,16,52864
04/11/2023,36,HANS-KRISTIAN SOLBERG VITTINGHUS,DEN,36142,15,53753
04/11/2023,37,MISHA ZILBERMAN,ISR,34504,15,52953
04/11/2023,38,PRIYANSHU RAJAWAT,IND,30786,13,69093
04/11/2023,39,MAGNUS JOHANNESEN,DEN,30710,19,97030
04/11/2023,40,CHRISTO POPOV,FRA,30030,14,72885
04/11/2023,41,JEON HYEOK JIN,KOR,29779,12,65580
04/11/2023,42,HEO KWANG HEE,KOR,29715,13,68718
04/11/2023,43,MARK CALJOUW,NED,29015,14,76973
04/11/2023,44,BRICE LEVERDEZ,FRA,28490,12,52968
04/11/2023,45,KEVIN CORDON,GUA,28432,10,54897
04/11/2023,46,LUÍS ENRIQUE PEÑALVER,ESP,27773,14,71221
04/11/2023,47,MITHUN MANJUNATH,IND,27660,12,62720
04/11/2023,48,ALEX LANIER,FRA,27305,14,94580
04/11/2023,49,CHEAM JUNE WEI,MAS,27250,20,92796
04/11/2023,50,SAI PRANEETH B.,IND,27150,14,42776
04/11/2023,51,CHIA HAO LEE,TPE,27130,18,59322
04/11/2023,52,MADS CHRISTOPHERSEN,DEN,26680,16,83938
04/11/2023,53,CHI YU JEN,TPE,26111,19,77848
04/11/2023,54,JUSTIN HOH,MAS,25720,10,68392
04/11/2023,55,YUSHI TANAKA,JPN,25440,13,86672
04/11/2023,56,YGOR COELHO,BRA,25040,15,96429
04/11/2023,57,SOONG JOO VEN,MAS,25020,15,87117
04/11/2023,58,MINORU KOGA,JPN,24920,12,80062
04/11/2023,59,ARNAUD MERKLE,FRA,24643,11,59543
04/11/2023,60,CHRISTIAN ADINATA,INA,24060,11,69006
04/11/2023,61,SAMEER VERMA,IND,23980,9,77003
04/11/2023,62,KIRAN GEORGE,IND,23630,14,68317
04/11/2023,63,VICTOR SVENDSEN,DEN,23370,18,59420
04/11/2023,64,RIKU HATANO,JPN,23304,14,62018
04/11/2023,65,SU LI YANG,TPE,23090,21,94397
04/11/2023,66,LEONG JUN HAO,MAS,23038,14,84838
04/11/2023,67,TOMMY SUGIARTO,INA,23030,11,14587
04/11/2023,68,JAN LOUDA,CZE,22990,15,61423
04/11/2023,69,TAKUMA OBAYASHI,JPN,22320,8,74076
04/11/2023,70,KAI SCHAEFER,GER,22282,18,20808
04/11/2023,71,JASON ANTHONY HO-SHUE,CAN,22267,9,93791
04/11/2023,72,JONATHAN MATIAS,BRA,21721,14,86470
04/11/2023,73,LEI LAN XI,CHN,21377,8,91673
04/11/2023,74,URIEL FRANCISCO CANJURA ARTIGA,ESA,21320,12,74579
04/11/2023,75,MEIRABA LUWANG MAISNAM,IND,20820,16,91651
04/11/2023,76,FELIX BURESTEDT,SWE,20465,15,83985
04/11/2023,77,LU CHIA HUNG,TPE,20209,20,91254
04/11/2023,78,SUN FEI XIANG,CHN,19280,9,57762
04/11/2023,79,JIA HENG JASON TEH,SGP,18829,18,82606
04/11/2023,80,JORAN KWEEKEL,NED,18723,14,62286
04/11/2023,81,KALLE KOLJONEN,FIN,18661,13,92655
04/11/2023,82,JULIEN CARRAGGI,BEL,17848,18,70399
04/11/2023,83,IKHSAN LEONARDO IMANUEL RUMBAY,INA,17540,10,90657
04/11/2023,84,CHAN YIN CHAK,HKG,17530,10,57924
04/11/2023,85,SHOLEH AIDIL,MAS,17387,13,79110
04/11/2023,86,ADE RESKY DWICAHYO,AZE,17140,17,78890
04/11/2023,87,SATHISH KUMAR KARUNAKARAN,IND,16840,14,79164
04/11/2023,88,KOO TAKAHASHI,JPN,16800,12,86230
04/11/2023,89,MAX WEISSKIRCHEN,GER,16690,10,84815
04/11/2023,90,CHEN CHI TING,TPE,16520,16,76994
04/11/2023,91,YEOH SENG ZOE,MAS,16230,13,95952
04/11/2023,92,BERNARDO ATILANO,POR,16168,11,83597
04/11/2023,93,PABLO ABIAN,ESP,15960,11,14251
04/11/2023,94,ALWI FARHAN,INA,15940,12,58089
04/11/2023,95,LEE SHUN YANG,MAS,14990,12,62615
04/11/2023,96,PARUPALLI KASHYAP,IND,14910,5,53944
04/11/2023,97,TOBIAS KUENZI,SUI,14877,13,60427
04/11/2023,98,MILAN DRATVA,SVK,14780,17,68819
04/11/2023,99,S.SANKAR MUTHUSAMY SUBRAMANIAN,IND,14710,17,91814
04/04/2023,1,VIKTOR AXELSEN,DEN,108206,14,25831
04/04/2023,2,JONATAN CHRISTIE,INA,79112,17,73442
04/04/2023,3,ANTHONY SINISUKA GINTING,INA,77579,17,95661
04/04/2023,4,LEE ZII JIA,MAS,75868,17,81561
04/04/2023,5,KODAI NARAOKA,JPN,73772,20,62063
04/04/2023,6,CHOU TIEN CHEN,TPE,71266,19,34810
04/04/2023,7,KUNLAVUT VITIDSARN,THA,69079,13,64032
04/04/2023,8,LOH KEAN YEW,SGP,68874,18,76115
04/04/2023,9,PRANNOY H. S.,IND,64347,18,83950
04/04/2023,10,SHI YU QI,CHN,62400,13,57945
04/04/2023,11,LI SHI FENG,CHN,61893,19,95476
04/04/2023,12,KENTA NISHIMOTO,JPN,58069,18,85394
04/04/2023,13,ANDERS ANTONSEN,DEN,56653,12,91554
04/04/2023,14,LU GUANG ZU,CHN,55950,19,77427
04/04/2023,15,KANTA TSUNEYAMA,JPN,55898,15,57823
04/04/2023,16,ZHAO JUN PENG,CHN,55668,18,95930
04/04/2023,17,NG KA LONG ANGUS,HKG,54902,16,45171
04/04/2023,18,CHICO AURA DWI WARDOYO,INA,54264,16,71408
04/04/2023,19,RASMUS GEMKE,DEN,50841,12,62855
04/04/2023,20,LEE CHEUK YIU,HKG,50794,18,94780
04/04/2023,21,KIDAMBI SRIKANTH,IND,49351,17,93627
04/04/2023,22,KENTO MOMOTA,JPN,47524,12,89785
04/04/2023,23,WENG HONG YANG,CHN,47053,16,77042
04/04/2023,24,WANG TZU WEI,TPE,46946,17,87375
04/04/2023,25,LAKSHYA SEN,IND,46364,16,68870
04/04/2023,26,NG TZE YONG,MAS,45764,18,81362
04/04/2023,27,SHESAR HIREN RHUSTAVITO,INA,43583,15,81887
04/04/2023,28,TOMA JUNIOR POPOV,FRA,42213,17,61628
04/04/2023,29,KANTAPHON WANGCHAROEN,THA,40642,17,92508
04/04/2023,30,LIN CHUN-YI,TPE,40500,17,86114
04/04/2023,31,BRIAN YANG,CAN,40230,20,63122
04/04/2023,32,SITTHIKOM THAMMASIN,THA,37896,19,58963
04/04/2023,33,LIEW DAREN,MAS,37439,17,52864
04/04/2023,34,KOKI WATANABE,JPN,37377,14,97174
04/04/2023,35,NHAT NGUYEN,IRL,37289,18,85095
04/04/2023,36,HANS-KRISTIAN SOLBERG VITTINGHUS,DEN,36142,15,53753
04/04/2023,37,MISHA ZILBERMAN,ISR,34254,15,52953
04/04/2023,38,JEON HYEOK JIN,KOR,29779,12,65580
04/04/2023,39,HEO KWANG HEE,KOR,29715,14,68718
04/04/2023,40,MARK CALJOUW,NED,29015,14,76973
04/04/2023,41,CHRISTO POPOV,FRA,28950,13,72885
04/04/2023,42,CHEAM JUNE WEI,MAS,28650,20,92796
04/04/2023,43,KEVIN CORDON,GUA,28432,10,54897
04/04/2023,44,VICTOR SVENDSEN,DEN,28120,18,59420
04/04/2023,45,BRICE LEVERDEZ,FRA,28120,11,52968
04/04/2023,46,CHIA HAO LEE,TPE,27130,17,59322
04/04/2023,47,SAI PRANEETH B.,IND,26780,13,42776
04/04/2023,48,LUÍS ENRIQUE PEÑALVER,ESP,26543,13,71221
04/04/2023,49,MAGNUS JOHANNESEN,DEN,26430,18,97030
04/04/2023,50,JUSTIN HOH,MAS,25720,10,68392
04/04/2023,51,SOONG JOO VEN,MAS,25570,15,87117
04/04/2023,52,MADS CHRISTOPHERSEN,DEN,25450,15,83938
04/04/2023,53,YUSHI TANAKA,JPN,25440,13,86672
04/04/2023,54,MITHUN MANJUNATH,IND,25420,11,62720
04/04/2023,55,YGOR COELHO,BRA,25040,15,96429
04/04/2023,56,ALEX LANIER,FRA,24975,13,94580
04/04/2023,57,MINORU KOGA,JPN,24920,12,80062
04/04/2023,58,PRIYANSHU RAJAWAT,IND,24666,12,69093
04/04/2023,59,ARNAUD MERKLE,FRA,24643,11,59543
04/04/2023,60,JAN LOUDA,CZE,23840,15,61423
04/04/2023,61,CHI YU JEN,TPE,23781,18,77848
04/04/2023,62,RIKU HATANO,JPN,23304,14,62018
04/04/2023,63,SU LI YANG,TPE,23090,21,94397
04/04/2023,64,TOMMY SUGIARTO,INA,23030,11,14587
04/04/2023,65,KIRAN GEORGE,IND,22840,13,68317
04/04/2023,66,KAI SCHAEFER,GER,22832,18,20808
04/04/2023,67,TAKUMA OBAYASHI,JPN,22320,8,74076
04/04/2023,68,SAMEER VERMA,IND,22310,8,77003
04/04/2023,69,JASON ANTHONY HO-SHUE,CAN,22267,9,93791
04/04/2023,70,JONATHAN MATIAS,BRA,21721,13,86470
04/04/2023,71,CHRISTIAN ADINATA,INA,21630,10,69006
04/04/2023,72,URIEL FRANCISCO CANJURA ARTIGA,ESA,21320,12,74579
04/04/2023,73,MEIRABA LUWANG MAISNAM,IND,20820,15,91651
04/04/2023,74,KALLE KOLJONEN,FIN,20451,13,92655
04/04/2023,75,FELIX BURESTEDT,SWE,20315,14,83985
04/04/2023,76,LU CHIA HUNG,TPE,20209,20,91254
04/04/2023,77,JIA HENG JASON TEH,SGP,19749,18,82606
04/04/2023,78,LEONG JUN HAO,MAS,19698,13,84838
04/04/2023,79,SUN FEI XIANG,CHN,19280,9,57762
04/04/2023,80,JORAN KWEEKEL,NED,18723,13,62286
04/04/2023,81,SON WAN HO,KOR,18340,5,54346
04/04/2023,82,JULIEN CARRAGGI,BEL,17848,17,70399
04/04/2023,83,IKHSAN LEONARDO IMANUEL RUMBAY,INA,17540,10,90657
04/04/2023,84,CHAN YIN CHAK,HKG,17530,10,57924
04/04/2023,85,SHOLEH AIDIL,MAS,17387,13,79110
04/04/2023,86,ADE RESKY DWICAHYO,AZE,17140,16,78890
04/04/2023,87,LUCAS CLAERBOUT,FRA,16970,10,89506
04/04/2023,88,SATHISH KUMAR KARUNAKARAN,IND,16840,14,79164
04/04/2023,89,KOO TAKAHASHI,JPN,16800,12,86230
04/04/2023,90,MAX WEISSKIRCHEN,GER,16690,10,84815
04/04/2023,91,CHEN CHI TING,TPE,16520,16,76994
04/04/2023,92,LEI LAN XI,CHN,16477,7,91673
04/04/2023,93,YEOH SENG ZOE,MAS,16230,13,95952
04/04/2023,94,BERNARDO ATILANO,POR,16168,11,83597
04/04/2023,95,PABLO ABIAN,ESP,15960,11,14251
04/04/2023,96,ALWI FARHAN,INA,15940,12,58089
04/04/2023,97,LEE SHUN YANG,MAS,14990,12,62615
04/04/2023,98,PARUPALLI KASHYAP,IND,14910,5,53944
04/04/2023,99,TOBIAS KUENZI,SUI,14877,13,60427
03/28/2023,1,VIKTOR AXELSEN,DEN,108206,14,25831
03/28/2023,2,JONATAN CHRISTIE,INA,79112,17,73442
03/28/2023,3,ANTHONY SINISUKA GINTING,INA,77579,17,95661
03/28/2023,4,LEE ZII JIA,MAS,75868,17,81561
03/28/2023,5,KODAI NARAOKA,JPN,73772,20,62063
03/28/2023,6,CHOU TIEN CHEN,TPE,71266,19,34810
03/28/2023,7,KUNLAVUT VITIDSARN,THA,69079,13,64032
03/28/2023,8,LOH KEAN YEW,SGP,68874,18,76115
03/28/2023,9,PRANNOY H. S.,IND,64347,18,83950
03/28/2023,10,SHI YU QI,CHN,62400,13,57945
03/28/2023,11,LI SHI FENG,CHN,61893,19,95476
03/28/2023,12,LU GUANG ZU,CHN,55950,19,77427
03/28/2023,13,ZHAO JUN PENG,CHN,55668,18,95930
03/28/2023,14,NG KA LONG ANGUS,HKG,54902,16,45171
03/28/2023,15,KENTA NISHIMOTO,JPN,54669,17,85394
03/28/2023,16,CHICO AURA DWI WARDOYO,INA,54264,17,71408
03/28/2023,17,ANDERS ANTONSEN,DEN,53053,11,91554
03/28/2023,18,KANTA TSUNEYAMA,JPN,52948,14,57823
03/28/2023,19,LEE CHEUK YIU,HKG,50794,18,94780
03/28/2023,20,RASMUS GEMKE,DEN,49651,11,62855
03/28/2023,21,KIDAMBI SRIKANTH,IND,48701,16,93627
03/28/2023,22,KENTO MOMOTA,JPN,47524,12,89785
03/28/2023,23,WENG HONG YANG,CHN,47053,16,77042
03/28/2023,24,WANG TZU WEI,TPE,46946,16,87375
03/28/2023,25,LAKSHYA SEN,IND,46364,16,68870
03/28/2023,26,NG TZE YONG,MAS,45764,18,81362
03/28/2023,27,SHESAR HIREN RHUSTAVITO,INA,43583,15,81887
03/28/2023,28,TOMA JUNIOR POPOV,FRA,42813,17,61628
03/28/2023,29,KANTAPHON WANGCHAROEN,THA,40642,17,92508
03/28/2023,30,LIN CHUN-YI,TPE,40500,16,86114
03/28/2023,31,BRIAN YANG,CAN,40230,19,63122
03/28/2023,32,SITTHIKOM THAMMASIN,THA,37896,18,58963
03/28/2023,33,LIEW DAREN,MAS,37439,17,52864
03/28/2023,34,NHAT NGUYEN,IRL,37289,17,85095
03/28/2023,35,HANS-KRISTIAN SOLBERG VITTINGHUS,DEN,36142,16,53753
03/28/2023,36,KOKI WATANABE,JPN,35747,13,97174
03/28/2023,37,MISHA ZILBERMAN,ISR,33704,14,52953
03/28/2023,38,CHRISTO POPOV,FRA,30050,13,72885
03/28/2023,39,HEO KWANG HEE,KOR,29715,13,68718
03/28/2023,40,MARK CALJOUW,NED,29015,15,76973
03/28/2023,41,CHEAM JUNE WEI,MAS,28650,19,92796
03/28/2023,42,CHIA HAO LEE,TPE,28490,17,59322
03/28/2023,43,MITHUN MANJUNATH,IND,28430,11,62720
03/28/2023,44,VICTOR SVENDSEN,DEN,28120,17,59420
03/28/2023,45,BRICE LEVERDEZ,FRA,27370,10,52968
03/28/2023,46,JEON HYEOK JIN,KOR,27299,11,65580
03/28/2023,47,KEVIN CORDON,GUA,26762,9,54897
03/28/2023,48,LUÍS ENRIQUE PEÑALVER,ESP,26393,13,71221
03/28/2023,49,SAI PRANEETH B.,IND,26140,13,42776
03/28/2023,50,SOONG JOO VEN,MAS,25570,14,87117
03/28/2023,51,YGOR COELHO,BRA,25480,15,96429
03/28/2023,52,MADS CHRISTOPHERSEN,DEN,25150,15,83938
03/28/2023,53,ALEX LANIER,FRA,24975,13,94580
03/28/2023,54,ARNAUD MERKLE,FRA,24923,11,59543
03/28/2023,55,MAGNUS JOHANNESEN,DEN,24100,18,97030
03/28/2023,56,CHI YU JEN,TPE,23781,17,77848
03/28/2023,57,JAN LOUDA,CZE,23690,15,61423
03/28/2023,58,MINORU KOGA,JPN,23640,11,80062
03/28/2023,59,JUSTIN HOH,MAS,23520,9,68392
03/28/2023,60,PRIYANSHU RAJAWAT,IND,23206,12,69093
03/28/2023,61,RIKU HATANO,JPN,23154,13,62018
03/28/2023,62,TOMMY SUGIARTO,INA,23030,11,14587
03/28/2023,63,KAI SCHAEFER,GER,22832,18,20808
03/28/2023,64,CHRISTIAN ADINATA,INA,22730,10,69006
03/28/2023,65,YUSHI TANAKA,JPN,22360,12,86672
03/28/2023,66,JASON ANTHONY HO-SHUE,CAN,22267,9,93791
03/28/2023,67,SU LI YANG,TPE,22260,20,94397
03/28/2023,68,KIRAN GEORGE,IND,22200,13,68317
03/28/2023,69,MEIRABA LUWANG MAISNAM,IND,21410,15,91651
03/28/2023,70,URIEL FRANCISCO CANJURA ARTIGA,ESA,21320,11,74579
03/28/2023,71,JIA HENG JASON TEH,SGP,21259,18,82606
03/28/2023,72,JONATHAN MATIAS,BRA,20971,12,86470
03/28/2023,73,TAKUMA OBAYASHI,JPN,20800,7,74076
03/28/2023,74,KALLE KOLJONEN,FIN,20451,12,92655
03/28/2023,75,FELIX BURESTEDT,SWE,20315,14,83985
03/28/2023,76,LU CHIA HUNG,TPE,20209,20,91254
03/28/2023,77,CHAN YIN CHAK,HKG,19640,11,57924
03/28/2023,78,SAMEER VERMA,IND,19560,7,77003
03/28/2023,79,LEONG JUN HAO,MAS,19548,13,84838
03/28/2023,80,SUN FEI XIANG,CHN,19280,9,57762
03/28/2023,81,JULIEN CARRAGGI,BEL,19038,18,70399
03/28/2023,82,SHOLEH AIDIL,MAS,18987,14,79110
03/28/2023,83,JORAN KWEEKEL,NED,18723,14,62286
03/28/2023,84,SON WAN HO,KOR,18340,5,54346
03/28/2023,85,IKHSAN LEONARDO IMANUEL RUMBAY,INA,17910,10,90657
03/28/2023,86,MAX WEISSKIRCHEN,GER,17660,10,84815
03/28/2023,87,ADE RESKY DWICAHYO,AZE,17140,17,78890
03/28/2023,88,LUCAS CLAERBOUT,FRA,17050,11,89506
03/28/2023,89,SATHISH KUMAR KARUNAKARAN,IND,16840,15,79164
03/28/2023,90,LEI LAN XI,CHN,16477,7,91673
03/28/2023,91,PABLO ABIAN,ESP,16330,12,14251
03/28/2023,92,YEOH SENG ZOE,MAS,16230,14,95952
03/28/2023,93,BERNARDO ATILANO,POR,16168,11,83597
03/28/2023,94,CHEN CHI TING,TPE,16150,15,76994
03/28/2023,95,KOO TAKAHASHI,JPN,14920,11,86230
03/28/2023,96,FABIAN ROTH,GER,14915,15,57297
03/28/2023,97,PARUPALLI KASHYAP,IND,14910,5,53944
03/28/2023,98,TOBIAS KUENZI,SUI,14877,14,60427
03/28/2023,99,MILAN DRATVA,SVK,14780,18,68819
03/21/2023,1,VIKTOR AXELSEN,DEN,108206,14,25831
03/21/2023,2,JONATAN CHRISTIE,INA,80062,18,73442
03/21/2023,3,ANTHONY SINISUKA GINTING,INA,77579,18,95661
03/21/2023,4,LEE ZII JIA,MAS,74568,16,81561
03/21/2023,5,KODAI NARAOKA,JPN,73772,20,62063
03/21/2023,6,CHOU TIEN CHEN,TPE,70116,18,34810
03/21/2023,7,KUNLAVUT VITIDSARN,THA,69079,13,64032
03/21/2023,8,LOH KEAN YEW,SGP,68874,18,76115
03/21/2023,9,PRANNOY H. S.,IND,65497,18,83950
03/21/2023,10,SHI YU QI,CHN,62400,12,57945
03/21/2023,11,LI SHI FENG,CHN,61893,18,95476
03/21/2023,12,LU GUANG ZU,CHN,55950,19,77427
03/21/2023,13,ZHAO JUN PENG,CHN,55668,17,95930
03/21/2023,14,ANDERS ANTONSEN,DEN,55603,12,91554
03/21/2023,15,NG KA LONG ANGUS,HKG,54902,16,45171
03/21/2023,16,KENTA NISHIMOTO,JPN,54669,17,85394
03/21/2023,17,CHICO AURA DWI WARDOYO,INA,54264,17,71408
03/21/2023,18,KANTA TSUNEYAMA,JPN,52948,14,57823
03/21/2023,19,LEE CHEUK YIU,HKG,50544,18,94780
03/21/2023,20,KIDAMBI SRIKANTH,IND,50401,16,93627
03/21/2023,21,RASMUS GEMKE,DEN,49651,11,62855
03/21/2023,22,KENTO MOMOTA,JPN,47524,12,89785
03/21/2023,23,WENG HONG YANG,CHN,47053,15,77042
03/21/2023,24,WANG TZU WEI,TPE,46946,15,87375
03/21/2023,25,LAKSHYA SEN,IND,46364,15,68870
03/21/2023,26,NG TZE YONG,MAS,45514,18,81362
03/21/2023,27,TOMA JUNIOR POPOV,FRA,43913,17,61628
03/21/2023,28,SHESAR HIREN RHUSTAVITO,INA,43583,15,81887
03/21/2023,29,KANTAPHON WANGCHAROEN,THA,40642,17,92508
03/21/2023,30,LIN CHUN-YI,TPE,40250,15,86114
03/21/2023,31,BRIAN YANG,CAN,40230,19,63122
03/21/2023,32,SITTHIKOM THAMMASIN,THA,37986,18,58963
03/21/2023,33,LIEW DAREN,MAS,37439,16,52864
03/21/2023,34,NHAT NGUYEN,IRL,37199,17,85095
03/21/2023,35,HANS-KRISTIAN SOLBERG VITTINGHUS,DEN,36142,15,53753
03/21/2023,36,MISHA ZILBERMAN,ISR,33704,14,52953
03/21/2023,37,KOKI WATANABE,JPN,30857,13,97174
03/21/2023,38,MARK CALJOUW,NED,30095,16,76973
03/21/2023,39,HEO KWANG HEE,KOR,29715,12,68718
03/21/2023,40,CHRISTO POPOV,FRA,28950,13,72885
03/21/2023,41,CHEAM JUNE WEI,MAS,28100,18,92796
03/21/2023,42,CHIA HAO LEE,TPE,28040,17,59322
03/21/2023,43,VICTOR SVENDSEN,DEN,27590,17,59420
03/21/2023,44,BRICE LEVERDEZ,FRA,27370,10,52968
03/21/2023,45,ARNAUD MERKLE,FRA,27243,12,59543
03/21/2023,46,MITHUN MANJUNATH,IND,27200,11,62720
03/21/2023,47,KEVIN CORDON,GUA,26762,9,54897
03/21/2023,48,SAI PRANEETH B.,IND,26510,13,42776
03/21/2023,49,LUÍS ENRIQUE PEÑALVER,ESP,26393,12,71221
03/21/2023,50,JEON HYEOK JIN,KOR,25949,10,65580
03/21/2023,51,YGOR COELHO,BRA,25480,15,96429
03/21/2023,52,MADS CHRISTOPHERSEN,DEN,25450,15,83938
03/21/2023,53,SOONG JOO VEN,MAS,24820,13,87117
03/21/2023,54,KIRAN GEORGE,IND,24530,13,68317
03/21/2023,55,JAN LOUDA,CZE,23690,14,61423
03/21/2023,56,MINORU KOGA,JPN,23640,11,80062
03/21/2023,57,SAMEER VERMA,IND,23410,8,77003
03/21/2023,58,CHI YU JEN,TPE,23231,17,77848
03/21/2023,59,PRIYANSHU RAJAWAT,IND,23206,11,69093
03/21/2023,60,RIKU HATANO,JPN,23154,12,62018
03/21/2023,61,KAI SCHAEFER,GER,22832,18,20808
03/21/2023,62,MAGNUS JOHANNESEN,DEN,22820,17,97030
03/21/2023,63,CHRISTIAN ADINATA,INA,22730,10,69006
03/21/2023,64,YUSHI TANAKA,JPN,22360,11,86672
03/21/2023,65,JASON ANTHONY HO-SHUE,CAN,22267,9,93791
03/21/2023,66,SU LI YANG,TPE,22260,19,94397
03/21/2023,67,MEIRABA LUWANG MAISNAM,IND,22090,15,91651
03/21/2023,68,ALEX LANIER,FRA,21895,12,94580
03/21/2023,69,URIEL FRANCISCO CANJURA ARTIGA,ESA,21320,11,74579
03/21/2023,70,JUSTIN HOH,MAS,21320,8,68392
03/21/2023,71,JIA HENG JASON TEH,SGP,21259,17,82606
03/21/2023,72,LEONG JUN HAO,MAS,21238,14,84838
03/21/2023,73,JONATHAN MATIAS,BRA,20971,11,86470
03/21/2023,74,TOMMY SUGIARTO,INA,20660,10,14587
03/21/2023,75,FELIX BURESTEDT,SWE,20465,14,83985
03/21/2023,76,LU CHIA HUNG,TPE,20209,19,91254
03/21/2023,77,KALLE KOLJONEN,FIN,19801,12,92655
03/21/2023,78,SHOLEH AIDIL,MAS,19587,14,79110
03/21/2023,79,SUN FEI XIANG,CHN,19280,9,57762
03/21/2023,80,CHAN YIN CHAK,HKG,19040,11,57924
03/21/2023,81,PARUPALLI KASHYAP,IND,18760,6,53944
03/21/2023,82,ADE RESKY DWICAHYO,AZE,18520,18,78890
03/21/2023,83,SON WAN HO,KOR,18340,5,54346
03/21/2023,84,LUCAS CLAERBOUT,FRA,18290,12,89506
03/21/2023,85,JORAN KWEEKEL,NED,17973,13,62286
03/21/2023,86,IKHSAN LEONARDO IMANUEL RUMBAY,INA,17910,10,90657
03/21/2023,87,JULIEN CARRAGGI,BEL,17158,18,70399
03/21/2023,88,MAX WEISSKIRCHEN,GER,17130,10,84815
03/21/2023,89,SATHISH KUMAR KARUNAKARAN,IND,16840,15,79164
03/21/2023,90,TAKUMA OBAYASHI,JPN,16800,6,74076
03/21/2023,91,SYABDA PERKASA BELAWA,INA,16680,10,89156
03/21/2023,92,LEI LAN XI,CHN,16477,7,91673
03/21/2023,93,PABLO ABIAN,ESP,16330,12,14251
03/21/2023,94,YEOH SENG ZOE,MAS,16230,13,95952
03/21/2023,95,BERNARDO ATILANO,POR,16168,11,83597
03/21/2023,96,CHEN CHI TING,TPE,16150,14,76994
03/21/2023,97,KARTIKEY GULSHAN KUMAR,IND,15110,12,64794
03/21/2023,98,TOBIAS KUENZI,SUI,14877,14,60427
03/21/2023,99,DANYLO BOSNIUK,UKR,14838,16,58328
03/14/2023,1,VIKTOR AXELSEN,DEN,114156,14,25831
03/14/2023,2,JONATAN CHRISTIE,INA,80612,18,73442
03/14/2023,3,ANTHONY SINISUKA GINTING,INA,77579,18,95661
03/14/2023,4,LEE ZII JIA,MAS,74568,16,81561
03/14/2023,5,CHOU TIEN CHEN,TPE,73716,18,34810
03/14/2023,6,KODAI NARAOKA,JPN,72672,19,62063
03/14/2023,7,KUNLAVUT VITIDSARN,THA,69079,13,64032
03/14/2023,8,LOH KEAN YEW,SGP,68874,18,76115
03/14/2023,9,PRANNOY H. S.,IND,65497,18,83950
03/14/2023,10,LU GUANG ZU,CHN,58230,19,77427
03/14/2023,11,NG KA LONG ANGUS,HKG,56702,16,45171
03/14/2023,12,SHI YU QI,CHN,53870,11,57945
03/14/2023,13,ZHAO JUN PENG,CHN,53868,17,95930
03/14/2023,14,LI SHI FENG,CHN,52893,17,95476
03/14/2023,15,KENTA NISHIMOTO,JPN,52869,17,85394
03/14/2023,16,KANTA TSUNEYAMA,JPN,52698,13,57823
03/14/2023,17,CHICO AURA DWI WARDOYO,INA,52124,16,71408
03/14/2023,18,ANDERS ANTONSEN,DEN,52003,12,91554
03/14/2023,19,LAKSHYA SEN,IND,51764,15,68870
03/14/2023,20,KENTO MOMOTA,JPN,51124,12,89785
03/14/2023,21,LEE CHEUK YIU,HKG,50544,18,94780
03/14/2023,22,KIDAMBI SRIKANTH,IND,50401,16,93627
03/14/2023,23,RASMUS GEMKE,DEN,48871,10,62855
03/14/2023,24,WANG TZU WEI,TPE,46946,14,87375
03/14/2023,25,TOMA JUNIOR POPOV,FRA,43913,17,61628
03/14/2023,26,SHESAR HIREN RHUSTAVITO,INA,43583,15,81887
03/14/2023,27,WENG HONG YANG,CHN,43113,14,77042
03/14/2023,28,NG TZE YONG,MAS,42114,17,81362
03/14/2023,29,BRIAN YANG,CAN,42030,19,63122
03/14/2023,30,KANTAPHON WANGCHAROEN,THA,40642,17,92508
03/14/2023,31,LIN CHUN-YI,TPE,40250,15,86114
03/14/2023,32,LIEW DAREN,MAS,39239,16,52864
03/14/2023,33,SITTHIKOM THAMMASIN,THA,37986,18,58963
03/14/2023,34,NHAT NGUYEN,IRL,37199,17,85095
03/14/2023,35,HANS-KRISTIAN SOLBERG VITTINGHUS,DEN,36922,16,53753
03/14/2023,36,MISHA ZILBERMAN,ISR,33704,14,52953
03/14/2023,37,HEO KWANG HEE,KOR,32295,13,68718
03/14/2023,38,MARK CALJOUW,NED,32235,17,76973
03/14/2023,39,KOKI WATANABE,JPN,30857,13,97174
03/14/2023,40,BRICE LEVERDEZ,FRA,29450,11,52968
03/14/2023,41,CHRISTO POPOV,FRA,28950,13,72885
03/14/2023,42,CHEAM JUNE WEI,MAS,28100,18,92796
03/14/2023,43,CHIA HAO LEE,TPE,28040,17,59322
03/14/2023,44,SAI PRANEETH B.,IND,27840,14,42776
03/14/2023,45,VICTOR SVENDSEN,DEN,27590,17,59420
03/14/2023,46,ARNAUD MERKLE,FRA,27243,12,59543
03/14/2023,47,MITHUN MANJUNATH,IND,27200,11,62720
03/14/2023,48,KEVIN CORDON,GUA,26762,9,54897
03/14/2023,49,SAMEER VERMA,IND,26410,9,77003
03/14/2023,50,LUÍS ENRIQUE PEÑALVER,ESP,26393,12,71221
03/14/2023,51,JEON HYEOK JIN,KOR,25949,10,65580
03/14/2023,52,YGOR COELHO,BRA,25480,15,96429
03/14/2023,53,MADS CHRISTOPHERSEN,DEN,25450,15,83938
03/14/2023,54,SOONG JOO VEN,MAS,24820,13,87117
03/14/2023,55,KIRAN GEORGE,IND,24530,13,68317
03/14/2023,56,JAN LOUDA,CZE,23690,14,61423
03/14/2023,57,MINORU KOGA,JPN,23640,11,80062
03/14/2023,58,CHI YU JEN,TPE,23231,17,77848
03/14/2023,59,PRIYANSHU RAJAWAT,IND,23206,11,69093
03/14/2023,60,RIKU HATANO,JPN,23154,12,62018
03/14/2023,61,KAI SCHAEFER,GER,22832,18,20808
03/14/2023,62,MAGNUS JOHANNESEN,DEN,22820,17,97030
03/14/2023,63,CHRISTIAN ADINATA,INA,22730,10,69006
03/14/2023,64,YUSHI TANAKA,JPN,22360,11,86672
03/14/2023,65,JASON ANTHONY HO-SHUE,CAN,22267,9,93791
03/14/2023,66,ALEX LANIER,FRA,21895,12,94580
03/14/2023,67,PARUPALLI KASHYAP,IND,21760,7,53944
03/14/2023,68,MEIRABA LUWANG MAISNAM,IND,21500,14,91651
03/14/2023,69,URIEL FRANCISCO CANJURA ARTIGA,ESA,21320,10,74579
03/14/2023,70,JIA HENG JASON TEH,SGP,21259,17,82606
03/14/2023,71,LEONG JUN HAO,MAS,21238,13,84838
03/14/2023,72,JONATHAN MATIAS,BRA,20971,11,86470
03/14/2023,73,TOMMY SUGIARTO,INA,20660,10,14587
03/14/2023,74,SU LI YANG,TPE,20600,18,94397
03/14/2023,75,FELIX BURESTEDT,SWE,20465,14,83985
03/14/2023,76,LU CHIA HUNG,TPE,20209,18,91254
03/14/2023,77,KALLE KOLJONEN,FIN,19801,12,92655
03/14/2023,78,ADE RESKY DWICAHYO,AZE,18520,17,78890
03/14/2023,79,SHOLEH AIDIL,MAS,18397,13,79110
03/14/2023,80,SON WAN HO,KOR,18340,5,54346
03/14/2023,81,LUCAS CLAERBOUT,FRA,18290,12,89506
03/14/2023,82,JORAN KWEEKEL,NED,17973,13,62286
03/14/2023,83,IKHSAN LEONARDO IMANUEL RUMBAY,INA,17910,10,90657
03/14/2023,84,CHAN YIN CHAK,HKG,17850,10,57924
03/14/2023,85,JUSTIN HOH,MAS,17470,7,68392
03/14/2023,86,JULIEN CARRAGGI,BEL,17158,18,70399
03/14/2023,87,MAX WEISSKIRCHEN,GER,17130,10,84815
03/14/2023,88,TAKUMA OBAYASHI,JPN,16800,6,74076
03/14/2023,89,SATHISH KUMAR KARUNAKARAN,IND,16690,14,79164
03/14/2023,90,SYABDA PERKASA BELAWA,INA,16680,10,89156
03/14/2023,91,PABLO ABIAN,ESP,16330,12,14251
03/14/2023,92,YEOH SENG ZOE,MAS,16230,13,95952
03/14/2023,93,BERNARDO ATILANO,POR,16168,11,83597
03/14/2023,94,CHEN CHI TING,TPE,16150,14,76994
03/14/2023,95,LEI LAN XI,CHN,15967,6,91673
03/14/2023,96,THOMAS ROUXEL,FRA,15440,6,38500
03/14/2023,97,KARTIKEY GULSHAN KUMAR,IND,15110,12,64794
03/14/2023,98,TOBIAS KUENZI,SUI,14877,14,60427
03/14/2023,99,DANYLO BOSNIUK,UKR,14838,16,58328
03/07/2023,1,VIKTOR AXELSEN,DEN,114156,15,25831
03/07/2023,2,JONATAN CHRISTIE,INA,80612,19,73442
03/07/2023,3,ANTHONY SINISUKA GINTING,INA,77579,19,95661
03/07/2023,4,LEE ZII JIA,MAS,75868,16,81561
03/07/2023,5,CHOU TIEN CHEN,TPE,73716,18,34810
03/07/2023,6,KODAI NARAOKA,JPN,72672,18,62063
03/07/2023,7,KUNLAVUT VITIDSARN,THA,72229,13,64032
03/07/2023,8,LOH KEAN YEW,SGP,68874,18,76115
03/07/2023,9,PRANNOY H. S.,IND,65497,19,83950
03/07/2023,10,LU GUANG ZU,CHN,58230,19,77427
03/07/2023,11,ZHAO JUN PENG,CHN,54968,17,95930
03/07/2023,12,LAKSHYA SEN,IND,54714,15,68870
03/07/2023,13,SHI YU QI,CHN,53870,10,57945
03/07/2023,14,KENTA NISHIMOTO,JPN,52869,17,85394
03/07/2023,15,NG KA LONG ANGUS,HKG,52702,16,45171
03/07/2023,16,KANTA TSUNEYAMA,JPN,52698,12,57823
03/07/2023,17,CHICO AURA DWI WARDOYO,INA,52124,16,71408
03/07/2023,18,ANDERS ANTONSEN,DEN,52003,12,91554
03/07/2023,19,KIDAMBI SRIKANTH,IND,50651,17,93627
03/07/2023,20,LI SHI FENG,CHN,49693,17,95476
03/07/2023,21,RASMUS GEMKE,DEN,48871,10,62855
03/07/2023,22,LEE CHEUK YIU,HKG,48644,18,94780
03/07/2023,23,KENTO MOMOTA,JPN,48444,12,89785
03/07/2023,24,WANG TZU WEI,TPE,46946,14,87375
03/07/2023,25,TOMA JUNIOR POPOV,FRA,43913,17,61628
03/07/2023,26,SHESAR HIREN RHUSTAVITO,INA,43583,16,81887
03/07/2023,27,WENG HONG YANG,CHN,43113,14,77042
03/07/2023,28,NG TZE YONG,MAS,42114,17,81362
03/07/2023,29,BRIAN YANG,CAN,42030,19,63122
03/07/2023,30,KANTAPHON WANGCHAROEN,THA,40642,18,92508
03/07/2023,31,LIEW DAREN,MAS,39239,15,52864
03/07/2023,32,LIN CHUN-YI,TPE,38900,14,86114
03/07/2023,33,SITTHIKOM THAMMASIN,THA,37986,18,58963
03/07/2023,34,NHAT NGUYEN,IRL,37199,18,85095
03/07/2023,35,HANS-KRISTIAN SOLBERG VITTINGHUS,DEN,36392,15,53753
03/07/2023,36,MISHA ZILBERMAN,ISR,33704,14,52953
03/07/2023,37,HEO KWANG HEE,KOR,32825,14,68718
03/07/2023,38,MARK CALJOUW,NED,32235,17,76973
03/07/2023,39,KOKI WATANABE,JPN,30857,13,97174
03/07/2023,40,BRICE LEVERDEZ,FRA,29820,12,52968
03/07/2023,41,CHRISTO POPOV,FRA,28950,13,72885
03/07/2023,42,CHEAM JUNE WEI,MAS,28100,17,92796
03/07/2023,43,SAI PRANEETH B.,IND,27840,14,42776
03/07/2023,44,VICTOR SVENDSEN,DEN,27590,16,59420
03/07/2023,45,ARNAUD MERKLE,FRA,27243,12,59543
03/07/2023,46,KEVIN CORDON,GUA,26762,9,54897
03/07/2023,47,SAMEER VERMA,IND,26410,9,77003
03/07/2023,48,MITHUN MANJUNATH,IND,25960,10,62720
03/07/2023,49,CHIA HAO LEE,TPE,25860,17,59322
03/07/2023,50,YGOR COELHO,BRA,25480,15,96429
03/07/2023,51,MADS CHRISTOPHERSEN,DEN,25150,14,83938
03/07/2023,52,LUÍS ENRIQUE PEÑALVER,ESP,24933,12,71221
03/07/2023,53,KIRAN GEORGE,IND,24530,13,68317
03/07/2023,54,SOONG JOO VEN,MAS,23810,12,87117
03/07/2023,55,JEON HYEOK JIN,KOR,23749,9,65580
03/07/2023,56,JAN LOUDA,CZE,23540,13,61423
03/07/2023,57,PARUPALLI KASHYAP,IND,23430,8,53944
03/07/2023,58,PRIYANSHU RAJAWAT,IND,23206,11,69093
03/07/2023,59,MAGNUS JOHANNESEN,DEN,22900,17,97030
03/07/2023,60,KAI SCHAEFER,GER,22832,17,20808
03/07/2023,61,CHRISTIAN ADINATA,INA,22730,10,69006
03/07/2023,62,JASON ANTHONY HO-SHUE,CAN,22267,9,93791
03/07/2023,63,CHI YU JEN,TPE,21581,17,77848
03/07/2023,64,MEIRABA LUWANG MAISNAM,IND,21500,13,91651
03/07/2023,65,RIKU HATANO,JPN,21274,12,62018
03/07/2023,66,JIA HENG JASON TEH,SGP,21259,17,82606
03/07/2023,67,LEONG JUN HAO,MAS,21238,13,84838
03/07/2023,68,ALEX LANIER,FRA,21145,12,94580
03/07/2023,69,JONATHAN MATIAS,BRA,20971,11,86470
03/07/2023,70,URIEL FRANCISCO CANJURA ARTIGA,ESA,20950,10,74579
03/07/2023,71,TOMMY SUGIARTO,INA,20660,10,14587
03/07/2023,72,KALLE KOLJONEN,FIN,20591,12,92655
03/07/2023,73,MINORU KOGA,JPN,20560,10,80062
03/07/2023,74,FELIX BURESTEDT,SWE,20465,14,83985
03/07/2023,75,YUSHI TANAKA,JPN,20230,10,86672
03/07/2023,76,LU CHIA HUNG,TPE,20209,17,91254
03/07/2023,77,SU LI YANG,TPE,19320,17,94397
03/07/2023,78,MAX WEISSKIRCHEN,GER,18480,10,84815
03/07/2023,79,SON WAN HO,KOR,18340,5,54346
03/07/2023,80,LUCAS CLAERBOUT,FRA,18290,12,89506
03/07/2023,81,ADE RESKY DWICAHYO,AZE,18220,16,78890
03/07/2023,82,JORAN KWEEKEL,NED,17973,13,62286
03/07/2023,83,IKHSAN LEONARDO IMANUEL RUMBAY,INA,17910,10,90657
03/07/2023,84,JUSTIN HOH,MAS,17470,7,68392
03/07/2023,85,SHOLEH AIDIL,MAS,17387,12,79110
03/07/2023,86,JULIEN CARRAGGI,BEL,17158,17,70399
03/07/2023,87,THOMAS ROUXEL,FRA,17110,7,38500
03/07/2023,88,SYABDA PERKASA BELAWA,INA,16680,10,89156
03/07/2023,89,CHAN YIN CHAK,HKG,16570,10,57924
03/07/2023,90,BERNARDO ATILANO,POR,16538,11,83597
03/07/2023,91,PABLO ABIAN,ESP,16250,12,14251
03/07/2023,92,YEOH SENG ZOE,MAS,16230,13,95952
03/07/2023,93,CHEN CHI TING,TPE,16150,13,76994
03/07/2023,94,LEI LAN XI,CHN,15967,6,91673
03/07/2023,95,SATHISH KUMAR KARUNAKARAN,IND,15490,13,79164
03/07/2023,96,KARTIKEY GULSHAN KUMAR,IND,15110,11,64794
03/07/2023,97,TOBIAS KUENZI,SUI,14877,13,60427
03/07/2023,98,DANYLO BOSNIUK,UKR,14838,15,58328
03/07/2023,99,FABIAN ROTH,GER,14835,16,57297
02/28/2023,1,VIKTOR AXELSEN,DEN,114156,15,25831
02/28/2023,2,JONATAN CHRISTIE,INA,80612,19,73442
02/28/2023,3,ANTHONY SINISUKA GINTING,INA,77579,19,95661
02/28/2023,4,LEE ZII JIA,MAS,75868,16,81561
02/28/2023,5,CHOU TIEN CHEN,TPE,73716,18,34810
02/28/2023,6,KODAI NARAOKA,JPN,72672,18,62063
02/28/2023,7,KUNLAVUT VITIDSARN,THA,72229,13,64032
02/28/2023,8,LOH KEAN YEW,SGP,68874,18,76115
02/28/2023,9,PRANNOY H. S.,IND,65497,19,83950
02/28/2023,10,LU GUANG ZU,CHN,58230,19,77427
02/28/2023,11,ZHAO JUN PENG,CHN,54968,17,95930
02/28/2023,12,LAKSHYA SEN,IND,54714,15,68870
02/28/2023,13,SHI YU QI,CHN,53870,10,57945
02/28/2023,14,KENTA NISHIMOTO,JPN,52869,17,85394
02/28/2023,15,NG KA LONG ANGUS,HKG,52702,16,45171
02/28/2023,16,KANTA TSUNEYAMA,JPN,52698,12,57823
02/28/2023,17,CHICO AURA DWI WARDOYO,INA,52124,16,71408
02/28/2023,18,ANDERS ANTONSEN,DEN,52003,12,91554
02/28/2023,19,KIDAMBI SRIKANTH,IND,50651,17,93627
02/28/2023,20,LI SHI FENG,CHN,49693,17,95476
02/28/2023,21,RASMUS GEMKE,DEN,48871,10,62855
02/28/2023,22,LEE CHEUK YIU,HKG,48644,18,94780
02/28/2023,23,KENTO MOMOTA,JPN,48444,12,89785
02/28/2023,24,WANG TZU WEI,TPE,46946,14,87375
02/28/2023,25,TOMA JUNIOR POPOV,FRA,43913,17,61628
02/28/2023,26,SHESAR HIREN RHUSTAVITO,INA,43583,16,81887
02/28/2023,27,WENG HONG YANG,CHN,43113,14,77042
02/28/2023,28,NG TZE YONG,MAS,42114,17,81362
02/28/2023,29,BRIAN YANG,CAN,42030,19,63122
02/28/2023,30,KANTAPHON WANGCHAROEN,THA,40642,18,92508
02/28/2023,31,LIEW DAREN,MAS,39239,15,52864
02/28/2023,32,LIN CHUN-YI,TPE,38900,14,86114
02/28/2023,33,SITTHIKOM THAMMASIN,THA,37986,18,58963
02/28/2023,34,NHAT NGUYEN,IRL,37199,18,85095
02/28/2023,35,HANS-KRISTIAN SOLBERG VITTINGHUS,DEN,36392,15,53753
02/28/2023,36,MISHA ZILBERMAN,ISR,33704,14,52953
02/28/2023,37,HEO KWANG HEE,KOR,32825,14,68718
02/28/2023,38,MARK CALJOUW,NED,32235,17,76973
02/28/2023,39,KOKI WATANABE,JPN,30857,13,97174
02/28/2023,40,BRICE LEVERDEZ,FRA,29820,12,52968
02/28/2023,41,CHRISTO POPOV,FRA,28950,13,72885
02/28/2023,42,CHEAM JUNE WEI,MAS,28100,17,92796
02/28/2023,43,SAI PRANEETH B.,IND,27840,14,42776
02/28/2023,44,VICTOR SVENDSEN,DEN,27590,16,59420
02/28/2023,45,ARNAUD MERKLE,FRA,27243,12,59543
02/28/2023,46,KEVIN CORDON,GUA,26762,9,54897
02/28/2023,47,SAMEER VERMA,IND,26410,9,77003
02/28/2023,48,MITHUN MANJUNATH,IND,25960,10,62720
02/28/2023,49,CHIA HAO LEE,TPE,25860,18,59322
02/28/2023,50,YGOR COELHO,BRA,25480,15,96429
02/28/2023,51,MADS CHRISTOPHERSEN,DEN,25150,14,83938
02/28/2023,52,LUÍS ENRIQUE PEÑALVER,ESP,24933,12,71221
02/28/2023,53,KIRAN GEORGE,IND,24530,13,68317
02/28/2023,54,SOONG JOO VEN,MAS,23810,12,87117
02/28/2023,55,JEON HYEOK JIN,KOR,23749,9,65580
02/28/2023,56,JAN LOUDA,CZE,23540,13,61423
02/28/2023,57,PARUPALLI KASHYAP,IND,23430,8,53944
02/28/2023,58,PRIYANSHU RAJAWAT,IND,23206,11,69093
02/28/2023,59,MAGNUS JOHANNESEN,DEN,22900,17,97030
02/28/2023,60,KAI SCHAEFER,GER,22832,17,20808
02/28/2023,61,CHRISTIAN ADINATA,INA,22730,10,69006
02/28/2023,62,JASON ANTHONY HO-SHUE,CAN,22267,9,93791
02/28/2023,63,RIKU HATANO,JPN,22054,13,62018
02/28/2023,64,CHI YU JEN,TPE,21581,18,77848
02/28/2023,65,MEIRABA LUWANG MAISNAM,IND,21500,13,91651
02/28/2023,66,JIA HENG JASON TEH,SGP,21259,17,82606
02/28/2023,67,LEONG JUN HAO,MAS,21238,13,84838
02/28/2023,68,ALEX LANIER,FRA,21145,12,94580
02/28/2023,69,JONATHAN MATIAS,BRA,20971,11,86470
02/28/2023,70,URIEL FRANCISCO CANJURA ARTIGA,ESA,20950,10,74579
02/28/2023,71,TOMMY SUGIARTO,INA,20660,10,14587
02/28/2023,72,KALLE KOLJONEN,FIN,20591,12,92655
02/28/2023,73,MINORU KOGA,JPN,20560,10,80062
02/28/2023,74,FELIX BURESTEDT,SWE,20465,14,83985
02/28/2023,75,YUSHI TANAKA,JPN,20230,10,86672
02/28/2023,76,LU CHIA HUNG,TPE,20209,17,91254
02/28/2023,77,SU LI YANG,TPE,19320,17,94397
02/28/2023,78,MAX WEISSKIRCHEN,GER,18480,10,84815
02/28/2023,79,SON WAN HO,KOR,18340,5,54346
02/28/2023,80,LUCAS CLAERBOUT,FRA,18290,12,89506
02/28/2023,81,ADE RESKY DWICAHYO,AZE,18220,16,78890
02/28/2023,82,JORAN KWEEKEL,NED,17973,13,62286
02/28/2023,83,IKHSAN LEONARDO IMANUEL RUMBAY,INA,17910,10,90657
02/28/2023,84,JUSTIN HOH,MAS,17470,7,68392
02/28/2023,85,SHOLEH AIDIL,MAS,17387,12,79110
02/28/2023,86,JULIEN CARRAGGI,BEL,17158,17,70399
02/28/2023,87,THOMAS ROUXEL,FRA,17110,7,38500
02/28/2023,88,SYABDA PERKASA BELAWA,INA,16680,10,89156
02/28/2023,89,CHAN YIN CHAK,HKG,16570,11,57924
02/28/2023,90,BERNARDO ATILANO,POR,16538,11,83597
02/28/2023,91,PABLO ABIAN,ESP,16250,12,14251
02/28/2023,92,YEOH SENG ZOE,MAS,16230,13,95952
02/28/2023,93,CHEN CHI TING,TPE,16150,13,76994
02/28/2023,94,LEI LAN XI,CHN,15967,6,91673
02/28/2023,95,SATHISH KUMAR KARUNAKARAN,IND,15490,13,79164
02/28/2023,96,KARTIKEY GULSHAN KUMAR,IND,15110,11,64794
02/28/2023,97,FABIAN ROTH,GER,15085,17,57297
02/28/2023,98,TOBIAS KUENZI,SUI,14877,13,60427
02/28/2023,99,DANYLO BOSNIUK,UKR,14838,15,58328
02/21/2023,1,VIKTOR AXELSEN,DEN,114156,15,25831
02/21/2023,2,JONATAN CHRISTIE,INA,80612,19,73442
02/21/2023,3,ANTHONY SINISUKA GINTING,INA,77579,19,95661
02/21/2023,4,LEE ZII JIA,MAS,75868,16,81561
02/21/2023,5,CHOU TIEN CHEN,TPE,73716,18,34810
02/21/2023,6,KODAI NARAOKA,JPN,72672,18,62063
02/21/2023,7,KUNLAVUT VITIDSARN,THA,72229,13,64032
02/21/2023,8,LOH KEAN YEW,SGP,68874,18,76115
02/21/2023,9,PRANNOY H. S.,IND,65497,19,83950
02/21/2023,10,LU GUANG ZU,CHN,58230,19,77427
02/21/2023,11,ZHAO JUN PENG,CHN,54968,17,95930
02/21/2023,12,LAKSHYA SEN,IND,54714,15,68870
02/21/2023,13,SHI YU QI,CHN,53870,10,57945
02/21/2023,14,KENTA NISHIMOTO,JPN,52869,17,85394
02/21/2023,15,NG KA LONG ANGUS,HKG,52702,16,45171
02/21/2023,16,KANTA TSUNEYAMA,JPN,52698,12,57823
02/21/2023,17,CHICO AURA DWI WARDOYO,INA,52124,16,71408
02/21/2023,18,ANDERS ANTONSEN,DEN,52003,12,91554
02/21/2023,19,KIDAMBI SRIKANTH,IND,50651,17,93627
02/21/2023,20,LI SHI FENG,CHN,49693,17,95476
02/21/2023,21,RASMUS GEMKE,DEN,48871,10,62855
02/21/2023,22,LEE CHEUK YIU,HKG,48644,18,94780
02/21/2023,23,KENTO MOMOTA,JPN,48444,12,89785
02/21/2023,24,WANG TZU WEI,TPE,46946,14,87375
02/21/2023,25,TOMA JUNIOR POPOV,FRA,43913,17,61628
02/21/2023,26,SHESAR HIREN RHUSTAVITO,INA,43583,16,81887
02/21/2023,27,WENG HONG YANG,CHN,43113,14,77042
02/21/2023,28,NG TZE YONG,MAS,42114,17,81362
02/21/2023,29,BRIAN YANG,CAN,42030,19,63122
02/21/2023,30,KANTAPHON WANGCHAROEN,THA,40642,18,92508
02/21/2023,31,LIEW DAREN,MAS,39239,15,52864
02/21/2023,32,LIN CHUN-YI,TPE,38900,14,86114
02/21/2023,33,SITTHIKOM THAMMASIN,THA,37986,18,58963
02/21/2023,34,NHAT NGUYEN,IRL,37199,18,85095
02/21/2023,35,HANS-KRISTIAN SOLBERG VITTINGHUS,DEN,36392,15,53753
02/21/2023,36,MISHA ZILBERMAN,ISR,33704,14,52953
02/21/2023,37,HEO KWANG HEE,KOR,32825,14,68718
02/21/2023,38,MARK CALJOUW,NED,32235,17,76973
02/21/2023,39,KOKI WATANABE,JPN,30857,13,97174
02/21/2023,40,ARNAUD MERKLE,FRA,30323,13,59543
02/21/2023,41,BRICE LEVERDEZ,FRA,29820,12,52968
02/21/2023,42,CHRISTO POPOV,FRA,28950,13,72885
02/21/2023,43,CHEAM JUNE WEI,MAS,28100,17,92796
02/21/2023,44,SAI PRANEETH B.,IND,27840,14,42776
02/21/2023,45,VICTOR SVENDSEN,DEN,27590,16,59420
02/21/2023,46,KEVIN CORDON,GUA,26762,9,54897
02/21/2023,47,SAMEER VERMA,IND,26410,9,77003
02/21/2023,48,MITHUN MANJUNATH,IND,25960,10,62720
02/21/2023,49,CHIA HAO LEE,TPE,25860,18,59322
02/21/2023,50,YGOR COELHO,BRA,25480,15,96429
02/21/2023,51,MADS CHRISTOPHERSEN,DEN,25150,14,83938
02/21/2023,52,LUÍS ENRIQUE PEÑALVER,ESP,24933,12,71221
02/21/2023,53,KIRAN GEORGE,IND,24530,13,68317
02/21/2023,54,SOONG JOO VEN,MAS,23810,12,87117
02/21/2023,55,JEON HYEOK JIN,KOR,23749,9,65580
02/21/2023,56,JAN LOUDA,CZE,23540,13,61423
02/21/2023,57,PARUPALLI KASHYAP,IND,23430,8,53944
02/21/2023,58,PRIYANSHU RAJAWAT,IND,23206,11,69093
02/21/2023,59,MAGNUS JOHANNESEN,DEN,22900,17,97030
02/21/2023,60,CHRISTIAN ADINATA,INA,22730,10,69006
02/21/2023,61,JASON ANTHONY HO-SHUE,CAN,22267,9,93791
02/21/2023,62,RIKU HATANO,JPN,22054,13,62018
02/21/2023,63,CHI YU JEN,TPE,21581,18,77848
02/21/2023,64,KAI SCHAEFER,GER,21552,16,20808
02/21/2023,65,MEIRABA LUWANG MAISNAM,IND,21500,14,91651
02/21/2023,66,JIA HENG JASON TEH,SGP,21259,17,82606
02/21/2023,67,LEONG JUN HAO,MAS,21238,13,84838
02/21/2023,68,ALEX LANIER,FRA,21145,12,94580
02/21/2023,69,JONATHAN MATIAS,BRA,20971,11,86470
02/21/2023,70,URIEL FRANCISCO CANJURA ARTIGA,ESA,20950,10,74579
02/21/2023,71,TOMMY SUGIARTO,INA,20660,10,14587
02/21/2023,72,KALLE KOLJONEN,FIN,20591,12,92655
02/21/2023,73,MINORU KOGA,JPN,20560,10,80062
02/21/2023,74,FELIX BURESTEDT,SWE,20465,14,83985
02/21/2023,75,YUSHI TANAKA,JPN,20230,10,86672
02/21/2023,76,LU CHIA HUNG,TPE,20209,17,91254
02/21/2023,77,SU LI YANG,TPE,19320,17,94397
02/21/2023,78,MAX WEISSKIRCHEN,GER,18480,10,84815
02/21/2023,79,SON WAN HO,KOR,18340,5,54346
02/21/2023,80,LUCAS CLAERBOUT,FRA,18290,12,89506
02/21/2023,81,ADE RESKY DWICAHYO,AZE,18000,15,78890
02/21/2023,82,JORAN KWEEKEL,NED,17973,13,62286
02/21/2023,83,IKHSAN LEONARDO IMANUEL RUMBAY,INA,17910,10,90657
02/21/2023,84,SHOLEH AIDIL,MAS,17387,12,79110
02/21/2023,85,JULIEN CARRAGGI,BEL,17158,17,70399
02/21/2023,86,THOMAS ROUXEL,FRA,17110,7,38500
02/21/2023,87,SYABDA PERKASA BELAWA,INA,16680,10,89156
02/21/2023,88,CHAN YIN CHAK,HKG,16570,11,57924
02/21/2023,89,BERNARDO ATILANO,POR,16538,11,83597
02/21/2023,90,PABLO ABIAN,ESP,16250,12,14251
02/21/2023,91,YEOH SENG ZOE,MAS,16230,13,95952
02/21/2023,92,CHEN CHI TING,TPE,16150,13,76994
02/21/2023,93,DANYLO BOSNIUK,UKR,16118,15,58328
02/21/2023,94,LEI LAN XI,CHN,15967,6,91673
02/21/2023,95,SATHISH KUMAR KARUNAKARAN,IND,15490,13,79164
02/21/2023,96,KARTIKEY GULSHAN KUMAR,IND,15110,11,64794
02/21/2023,97,FABIAN ROTH,GER,15085,16,57297
02/21/2023,98,HARSHIT AGGARWAL,IND,14980,12,58670
02/21/2023,99,S.SANKAR MUTHUSAMY SUBRAMANIAN,IND,14970,17,91814
02/14/2023,1,VIKTOR AXELSEN,DEN,114156,14,25831
02/14/2023,2,JONATAN CHRISTIE,INA,80612,19,73442
02/14/2023,3,ANTHONY SINISUKA GINTING,INA,77579,18,95661
02/14/2023,4,LEE ZII JIA,MAS,75868,16,81561
02/14/2023,5,CHOU TIEN CHEN,TPE,73716,17,34810
02/14/2023,6,KUNLAVUT VITIDSARN,THA,72229,13,64032
02/14/2023,7,KODAI NARAOKA,JPN,70520,17,62063
02/14/2023,8,LOH KEAN YEW,SGP,68874,18,76115
02/14/2023,9,PRANNOY H. S.,IND,64280,18,83950
02/14/2023,10,LU GUANG ZU,CHN,58230,19,77427
02/14/2023,11,LAKSHYA SEN,IND,54714,15,68870
02/14/2023,12,ZHAO JUN PENG,CHN,54221,16,95930
02/14/2023,13,SHI YU QI,CHN,53870,10,57945
02/14/2023,14,NG KA LONG ANGUS,HKG,53547,16,45171
02/14/2023,15,KENTA NISHIMOTO,JPN,52869,17,85394
02/14/2023,16,KANTA TSUNEYAMA,JPN,52698,12,57823
02/14/2023,17,ANDERS ANTONSEN,DEN,52003,11,91554
02/14/2023,18,CHICO AURA DWI WARDOYO,INA,50898,16,71408
02/14/2023,19,KIDAMBI SRIKANTH,IND,50651,17,93627
02/14/2023,20,LI SHI FENG,CHN,49693,17,95476
02/14/2023,21,LEE CHEUK YIU,HKG,49581,18,94780
02/14/2023,22,RASMUS GEMKE,DEN,48871,10,62855
02/14/2023,23,KENTO MOMOTA,JPN,48444,12,89785
02/14/2023,24,WANG TZU WEI,TPE,46946,14,87375
02/14/2023,25,TOMA JUNIOR POPOV,FRA,43913,16,61628
02/14/2023,26,SHESAR HIREN RHUSTAVITO,INA,43583,16,81887
02/14/2023,27,WENG HONG YANG,CHN,43113,14,77042
02/14/2023,28,NG TZE YONG,MAS,42114,18,81362
02/14/2023,29,BRIAN YANG,CAN,42030,19,63122
02/14/2023,30,KANTAPHON WANGCHAROEN,THA,40642,18,92508
02/14/2023,31,LIEW DAREN,MAS,39239,15,52864
02/14/2023,32,LIN CHUN-YI,TPE,38900,14,86114
02/14/2023,33,SITTHIKOM THAMMASIN,THA,37986,17,58963
02/14/2023,34,NHAT NGUYEN,IRL,37199,18,85095
02/14/2023,35,HANS-KRISTIAN SOLBERG VITTINGHUS,DEN,36392,15,53753
02/14/2023,36,MISHA ZILBERMAN,ISR,33704,14,52953
02/14/2023,37,HEO KWANG HEE,KOR,32825,14,68718
02/14/2023,38,MARK CALJOUW,NED,31590,16,76973
02/14/2023,39,ARNAUD MERKLE,FRA,30323,13,59543
02/14/2023,40,BRICE LEVERDEZ,FRA,29820,12,52968
02/14/2023,41,KOKI WATANABE,JPN,29570,12,97174
02/14/2023,42,CHRISTO POPOV,FRA,28950,12,72885
02/14/2023,43,MITHUN MANJUNATH,IND,28111,11,62720
02/14/2023,44,CHEAM JUNE WEI,MAS,28100,17,92796
02/14/2023,45,SAI PRANEETH B.,IND,27840,14,42776
02/14/2023,46,VICTOR SVENDSEN,DEN,27590,16,59420
02/14/2023,47,KEVIN CORDON,GUA,27587,9,54897
02/14/2023,48,YGOR COELHO,BRA,26639,15,96429
02/14/2023,49,KIRAN GEORGE,IND,26467,14,68317
02/14/2023,50,SAMEER VERMA,IND,26410,9,77003
02/14/2023,51,CHIA HAO LEE,TPE,25860,18,59322
02/14/2023,52,MADS CHRISTOPHERSEN,DEN,25150,14,83938
02/14/2023,53,LUÍS ENRIQUE PEÑALVER,ESP,24933,12,71221
02/14/2023,54,CHRISTIAN ADINATA,INA,24161,11,69006
02/14/2023,55,SOONG JOO VEN,MAS,23810,12,87117
02/14/2023,56,JEON HYEOK JIN,KOR,23749,10,65580
02/14/2023,57,JAN LOUDA,CZE,23540,13,61423
02/14/2023,58,PARUPALLI KASHYAP,IND,23430,8,53944
02/14/2023,59,PRIYANSHU RAJAWAT,IND,23206,11,69093
02/14/2023,60,MAGNUS JOHANNESEN,DEN,22900,17,97030
02/14/2023,61,JASON ANTHONY HO-SHUE,CAN,22267,9,93791
02/14/2023,62,RIKU HATANO,JPN,22054,14,62018
02/14/2023,63,KAI SCHAEFER,GER,21552,15,20808
02/14/2023,64,MEIRABA LUWANG MAISNAM,IND,21500,14,91651
02/14/2023,65,JIA HENG JASON TEH,SGP,21259,17,82606
02/14/2023,66,LEONG JUN HAO,MAS,20967,13,84838
02/14/2023,67,URIEL FRANCISCO CANJURA ARTIGA,ESA,20950,10,74579
02/14/2023,68,CHI YU JEN,TPE,20910,17,77848
02/14/2023,69,ALEX LANIER,FRA,20765,11,94580
02/14/2023,70,TOMMY SUGIARTO,INA,20660,10,14587
02/14/2023,71,KALLE KOLJONEN,FIN,20591,12,92655
02/14/2023,72,MINORU KOGA,JPN,20560,10,80062
02/14/2023,73,FELIX BURESTEDT,SWE,20465,14,83985
02/14/2023,74,YUSHI TANAKA,JPN,20230,10,86672
02/14/2023,75,LU CHIA HUNG,TPE,20209,17,91254
02/14/2023,76,JONATHAN MATIAS,BRA,20205,11,86470
02/14/2023,77,IKHSAN LEONARDO IMANUEL RUMBAY,INA,20111,11,90657
02/14/2023,78,SU LI YANG,TPE,19320,17,94397
02/14/2023,79,MAX WEISSKIRCHEN,GER,18480,10,84815
02/14/2023,80,SON WAN HO,KOR,18340,5,54346
02/14/2023,81,LUCAS CLAERBOUT,FRA,18290,12,89506
02/14/2023,82,ADE RESKY DWICAHYO,AZE,18000,15,78890
02/14/2023,83,JORAN KWEEKEL,NED,17973,12,62286
02/14/2023,84,SHOLEH AIDIL,MAS,17387,13,79110
02/14/2023,85,JULIEN CARRAGGI,BEL,17158,17,70399
02/14/2023,86,THOMAS ROUXEL,FRA,17110,7,38500
02/14/2023,87,CHAN YIN CHAK,HKG,17013,12,57924
02/14/2023,88,SYABDA PERKASA BELAWA,INA,16680,10,89156
02/14/2023,89,BERNARDO ATILANO,POR,16538,11,83597
02/14/2023,90,PABLO ABIAN,ESP,16250,12,14251
02/14/2023,91,YEOH SENG ZOE,MAS,16230,13,95952
02/14/2023,92,CHEN CHI TING,TPE,16150,13,76994
02/14/2023,93,DANYLO BOSNIUK,UKR,16118,14,58328
02/14/2023,94,SATHISH KUMAR KARUNAKARAN,IND,15490,13,79164
02/14/2023,95,KARTIKEY GULSHAN KUMAR,IND,15110,11,64794
02/14/2023,96,HARSHIT AGGARWAL,IND,14980,12,58670
02/14/2023,97,S.SANKAR MUTHUSAMY SUBRAMANIAN,IND,14970,17,91814
02/14/2023,98,TOBIAS KUENZI,SUI,14877,13,60427
02/14/2023,99,LINO MUNOZ,MEX,14778,9,96461
02/07/2023,1,VIKTOR AXELSEN,DEN,114156,14,25831
02/07/2023,2,JONATAN CHRISTIE,INA,80612,19,73442
02/07/2023,3,ANTHONY SINISUKA GINTING,INA,77579,18,95661
02/07/2023,4,LEE ZII JIA,MAS,75868,16,81561
02/07/2023,5,CHOU TIEN CHEN,TPE,73716,17,34810
02/07/2023,6,KUNLAVUT VITIDSARN,THA,72229,13,64032
02/07/2023,7,KODAI NARAOKA,JPN,70520,17,62063
02/07/2023,8,LOH KEAN YEW,SGP,68874,18,76115
02/07/2023,9,PRANNOY H. S.,IND,64280,18,83950
02/07/2023,10,LU GUANG ZU,CHN,58230,19,77427
02/07/2023,11,LAKSHYA SEN,IND,54714,15,68870
02/07/2023,12,ZHAO JUN PENG,CHN,54221,16,95930
02/07/2023,13,SHI YU QI,CHN,53870,10,57945
02/07/2023,14,NG KA LONG ANGUS,HKG,53547,16,45171
02/07/2023,15,KENTA NISHIMOTO,JPN,52869,17,85394
02/07/2023,16,KANTA TSUNEYAMA,JPN,52698,12,57823
02/07/2023,17,ANDERS ANTONSEN,DEN,52003,11,91554
02/07/2023,18,CHICO AURA DWI WARDOYO,INA,50898,16,71408
02/07/2023,19,KIDAMBI SRIKANTH,IND,50651,17,93627
02/07/2023,20,LI SHI FENG,CHN,49693,17,95476
02/07/2023,21,LEE CHEUK YIU,HKG,49581,18,94780
02/07/2023,22,RASMUS GEMKE,DEN,48871,10,62855
02/07/2023,23,KENTO MOMOTA,JPN,48444,12,89785
02/07/2023,24,WANG TZU WEI,TPE,46946,14,87375
02/07/2023,25,TOMA JUNIOR POPOV,FRA,43913,16,61628
02/07/2023,26,SHESAR HIREN RHUSTAVITO,INA,43583,16,81887
02/07/2023,27,WENG HONG YANG,CHN,43113,14,77042
02/07/2023,28,NG TZE YONG,MAS,42114,18,81362
02/07/2023,29,BRIAN YANG,CAN,42030,19,63122
02/07/2023,30,KANTAPHON WANGCHAROEN,THA,40642,18,92508
02/07/2023,31,LIEW DAREN,MAS,39239,15,52864
02/07/2023,32,LIN CHUN-YI,TPE,38900,14,86114
02/07/2023,33,SITTHIKOM THAMMASIN,THA,37986,17,58963
02/07/2023,34,NHAT NGUYEN,IRL,37199,18,85095
02/07/2023,35,HANS-KRISTIAN SOLBERG VITTINGHUS,DEN,36392,15,53753
02/07/2023,36,MISHA ZILBERMAN,ISR,33704,14,52953
02/07/2023,37,HEO KWANG HEE,KOR,32825,14,68718
02/07/2023,38,MARK CALJOUW,NED,31590,16,76973
02/07/2023,39,ARNAUD MERKLE,FRA,30323,13,59543
02/07/2023,40,BRICE LEVERDEZ,FRA,29820,12,52968
02/07/2023,41,KOKI WATANABE,JPN,29570,12,97174
02/07/2023,42,CHRISTO POPOV,FRA,28950,12,72885
02/07/2023,43,MITHUN MANJUNATH,IND,28111,11,62720
02/07/2023,44,CHEAM JUNE WEI,MAS,28100,17,92796
02/07/2023,45,SAI PRANEETH B.,IND,27840,14,42776
02/07/2023,46,VICTOR SVENDSEN,DEN,27590,16,59420
02/07/2023,47,KEVIN CORDON,GUA,27587,9,54897
02/07/2023,48,YGOR COELHO,BRA,26639,15,96429
02/07/2023,49,KIRAN GEORGE,IND,26467,14,68317
02/07/2023,50,SAMEER VERMA,IND,26410,9,77003
02/07/2023,51,CHIA HAO LEE,TPE,25860,18,59322
02/07/2023,52,MADS CHRISTOPHERSEN,DEN,25150,14,83938
02/07/2023,53,LUÍS ENRIQUE PEÑALVER,ESP,24933,12,71221
02/07/2023,54,CHRISTIAN ADINATA,INA,24161,11,69006
02/07/2023,55,SOONG JOO VEN,MAS,23810,12,87117
02/07/2023,56,JEON HYEOK JIN,KOR,23749,10,65580
02/07/2023,57,JAN LOUDA,CZE,23540,13,61423
02/07/2023,58,PARUPALLI KASHYAP,IND,23430,8,53944
02/07/2023,59,PRIYANSHU RAJAWAT,IND,23206,11,69093
02/07/2023,60,MAGNUS JOHANNESEN,DEN,22900,17,97030
02/07/2023,61,JASON ANTHONY HO-SHUE,CAN,22267,9,93791
02/07/2023,62,RIKU HATANO,JPN,22054,14,62018
02/07/2023,63,KAI SCHAEFER,GER,21552,15,20808
02/07/2023,64,MEIRABA LUWANG MAISNAM,IND,21500,14,91651
02/07/2023,65,JIA HENG JASON TEH,SGP,21259,17,82606
02/07/2023,66,LEONG JUN HAO,MAS,20967,13,84838
02/07/2023,67,URIEL FRANCISCO CANJURA ARTIGA,ESA,20950,10,74579
02/07/2023,68,CHI YU JEN,TPE,20910,17,77848
02/07/2023,69,ALEX LANIER,FRA,20765,11,94580
02/07/2023,70,TOMMY SUGIARTO,INA,20660,10,14587
02/07/2023,71,KALLE KOLJONEN,FIN,20591,12,92655
02/07/2023,72,MINORU KOGA,JPN,20560,10,80062
02/07/2023,73,FELIX BURESTEDT,SWE,20465,14,83985
02/07/2023,74,YUSHI TANAKA,JPN,20230,10,86672
02/07/2023,75,LU CHIA HUNG,TPE,20209,17,91254
02/07/2023,76,JONATHAN MATIAS,BRA,20205,11,86470
02/07/2023,77,IKHSAN LEONARDO IMANUEL RUMBAY,INA,20111,11,90657
02/07/2023,78,SU LI YANG,TPE,19320,17,94397
02/07/2023,79,MAX WEISSKIRCHEN,GER,18480,10,84815
02/07/2023,80,SON WAN HO,KOR,18340,5,54346
02/07/2023,81,LUCAS CLAERBOUT,FRA,18290,12,89506
02/07/2023,82,ADE RESKY DWICAHYO,AZE,18000,15,78890
02/07/2023,83,JORAN KWEEKEL,NED,17973,12,62286
02/07/2023,84,SHOLEH AIDIL,MAS,17387,13,79110
02/07/2023,85,JULIEN CARRAGGI,BEL,17158,17,70399
02/07/2023,86,THOMAS ROUXEL,FRA,17110,7,38500
02/07/2023,87,CHAN YIN CHAK,HKG,17013,12,57924
02/07/2023,88,SYABDA PERKASA BELAWA,INA,16680,10,89156
02/07/2023,89,BERNARDO ATILANO,POR,16538,11,83597
02/07/2023,90,PABLO ABIAN,ESP,16250,12,14251
02/07/2023,91,YEOH SENG ZOE,MAS,16230,13,95952
02/07/2023,92,CHEN CHI TING,TPE,16150,13,76994
02/07/2023,93,DANYLO BOSNIUK,UKR,16118,14,58328
02/07/2023,94,SATHISH KUMAR KARUNAKARAN,IND,15490,13,79164
02/07/2023,95,KARTIKEY GULSHAN KUMAR,IND,15110,11,64794
02/07/2023,96,HARSHIT AGGARWAL,IND,14980,12,58670
02/07/2023,97,S.SANKAR MUTHUSAMY SUBRAMANIAN,IND,14970,17,91814
02/07/2023,98,TOBIAS KUENZI,SUI,14877,13,60427
02/07/2023,99,LINO MUNOZ,MEX,14778,9,96461
01/31/2023,1,VIKTOR AXELSEN,DEN,114156,14,25831
01/31/2023,2,JONATAN CHRISTIE,INA,80612,19,73442
01/31/2023,3,ANTHONY SINISUKA GINTING,INA,77579,18,95661
01/31/2023,4,LEE ZII JIA,MAS,75868,16,81561
01/31/2023,5,CHOU TIEN CHEN,TPE,73716,17,34810
01/31/2023,6,KUNLAVUT VITIDSARN,THA,72229,13,64032
01/31/2023,7,KODAI NARAOKA,JPN,70520,17,62063
01/31/2023,8,LOH KEAN YEW,SGP,68874,18,76115
01/31/2023,9,PRANNOY H. S.,IND,64280,18,83950
01/31/2023,10,LU GUANG ZU,CHN,58230,19,77427
01/31/2023,11,LAKSHYA SEN,IND,54714,15,68870
01/31/2023,12,ZHAO JUN PENG,CHN,54221,16,95930
01/31/2023,13,KANTA TSUNEYAMA,JPN,52698,12,57823
01/31/2023,14,KENTA NISHIMOTO,JPN,52019,16,85394
01/31/2023,15,CHICO AURA DWI WARDOYO,INA,50898,16,71408
01/31/2023,16,KIDAMBI SRIKANTH,IND,50651,17,93627
01/31/2023,17,ANDERS ANTONSEN,DEN,50553,10,91554
01/31/2023,18,NG KA LONG ANGUS,HKG,50347,15,45171
01/31/2023,19,SHI YU QI,CHN,48970,9,57945
01/31/2023,20,RASMUS GEMKE,DEN,48871,10,62855
01/31/2023,21,LEE CHEUK YIU,HKG,48731,17,94780
01/31/2023,22,KENTO MOMOTA,JPN,48444,12,89785
01/31/2023,23,LI SHI FENG,CHN,47543,16,95476
01/31/2023,24,WANG TZU WEI,TPE,46946,14,87375
01/31/2023,25,TOMA JUNIOR POPOV,FRA,43913,16,61628
01/31/2023,26,SHESAR HIREN RHUSTAVITO,INA,43583,16,81887
01/31/2023,27,WENG HONG YANG,CHN,43113,13,77042
01/31/2023,28,BRIAN YANG,CAN,42030,18,63122
01/31/2023,29,NG TZE YONG,MAS,41294,17,81362
01/31/2023,30,KANTAPHON WANGCHAROEN,THA,40642,17,92508
01/31/2023,31,LIEW DAREN,MAS,39239,15,52864
01/31/2023,32,SITTHIKOM THAMMASIN,THA,37986,16,58963
01/31/2023,33,NHAT NGUYEN,IRL,37199,18,85095
01/31/2023,34,HANS-KRISTIAN SOLBERG VITTINGHUS,DEN,36392,15,53753
01/31/2023,35,LIN CHUN-YI,TPE,34120,13,86114
01/31/2023,36,MISHA ZILBERMAN,ISR,33704,13,52953
01/31/2023,37,HEO KWANG HEE,KOR,32295,13,68718
01/31/2023,38,MARK CALJOUW,NED,31590,15,76973
01/31/2023,39,ARNAUD MERKLE,FRA,30323,13,59543
01/31/2023,40,BRICE LEVERDEZ,FRA,29820,12,52968
01/31/2023,41,CHRISTO POPOV,FRA,28950,12,72885
01/31/2023,42,KEVIN CORDON,GUA,27587,9,54897
01/31/2023,43,KOKI WATANABE,JPN,27250,11,97174
01/31/2023,44,CHEAM JUNE WEI,MAS,27020,16,92796
01/31/2023,45,MITHUN MANJUNATH,IND,26871,10,62720
01/31/2023,46,VICTOR SVENDSEN,DEN,26840,15,59420
01/31/2023,47,YGOR COELHO,BRA,26489,14,96429
01/31/2023,48,CHIA HAO LEE,TPE,25710,17,59322
01/31/2023,49,SAI PRANEETH B.,IND,25660,13,42776
01/31/2023,50,LUÍS ENRIQUE PEÑALVER,ESP,24933,12,71221
01/31/2023,51,SAMEER VERMA,IND,24740,8,77003
01/31/2023,52,KIRAN GEORGE,IND,24597,13,68317
01/31/2023,53,MADS CHRISTOPHERSEN,DEN,24400,13,83938
01/31/2023,54,MEIRABA LUWANG MAISNAM,IND,23980,14,91651
01/31/2023,55,JAN LOUDA,CZE,23540,13,61423
01/31/2023,56,PARUPALLI KASHYAP,IND,23430,8,53944
01/31/2023,57,MAGNUS JOHANNESEN,DEN,22900,16,97030
01/31/2023,58,SOONG JOO VEN,MAS,22570,11,87117
01/31/2023,59,JASON ANTHONY HO-SHUE,CAN,22267,9,93791
01/31/2023,60,PRIYANSHU RAJAWAT,IND,22046,10,69093
01/31/2023,61,CHRISTIAN ADINATA,INA,21731,10,69006
01/31/2023,62,KAI SCHAEFER,GER,21552,15,20808
01/31/2023,63,RIKU HATANO,JPN,21304,13,62018
01/31/2023,64,JIA HENG JASON TEH,SGP,21259,17,82606
01/31/2023,65,JEON HYEOK JIN,KOR,20999,9,65580
01/31/2023,66,LEONG JUN HAO,MAS,20967,12,84838
01/31/2023,67,URIEL FRANCISCO CANJURA ARTIGA,ESA,20950,10,74579
01/31/2023,68,CHI YU JEN,TPE,20910,16,77848
01/31/2023,69,ALEX LANIER,FRA,20765,11,94580
01/31/2023,70,KALLE KOLJONEN,FIN,20591,12,92655
01/31/2023,71,MINORU KOGA,JPN,20560,10,80062
01/31/2023,72,FELIX BURESTEDT,SWE,20465,13,83985
01/31/2023,73,YUSHI TANAKA,JPN,20230,10,86672
01/31/2023,74,LU CHIA HUNG,TPE,20209,16,91254
01/31/2023,75,IKHSAN LEONARDO IMANUEL RUMBAY,INA,20111,11,90657
01/31/2023,76,JONATHAN MATIAS,BRA,19835,10,86470
01/31/2023,77,SU LI YANG,TPE,19320,16,94397
01/31/2023,78,TOMMY SUGIARTO,INA,18990,9,14587
01/31/2023,79,ADE RESKY DWICAHYO,AZE,18900,16,78890
01/31/2023,80,DANYLO BOSNIUK,UKR,18598,15,58328
01/31/2023,81,MAX WEISSKIRCHEN,GER,18480,10,84815
01/31/2023,82,SON WAN HO,KOR,18340,5,54346
01/31/2023,83,LUCAS CLAERBOUT,FRA,18290,12,89506
01/31/2023,84,JORAN KWEEKEL,NED,17973,12,62286
01/31/2023,85,BERNARDO ATILANO,POR,17818,11,83597
01/31/2023,86,KARTIKEY GULSHAN KUMAR,IND,17550,11,64794
01/31/2023,87,SHOLEH AIDIL,MAS,17387,13,79110
01/31/2023,88,JULIEN CARRAGGI,BEL,17158,16,70399
01/31/2023,89,THOMAS ROUXEL,FRA,17110,7,38500
01/31/2023,90,PABLO ABIAN,ESP,16250,12,14251
01/31/2023,91,CHEN CHI TING,TPE,16150,13,76994
01/31/2023,92,YEOH SENG ZOE,MAS,16080,12,95952
01/31/2023,93,S.SANKAR MUTHUSAMY SUBRAMANIAN,IND,15570,17,91814
01/31/2023,94,SATHISH KUMAR KARUNAKARAN,IND,15410,12,79164
01/31/2023,95,CHAN YIN CHAK,HKG,15183,11,57924
01/31/2023,96,HARSHIT AGGARWAL,IND,14980,12,58670
01/31/2023,97,TOBIAS KUENZI,SUI,14877,13,60427
01/31/2023,98,MILAN DRATVA,SVK,14780,18,68819
01/31/2023,99,LINO MUNOZ,MEX,14778,9,96461
01/24/2023,1,VIKTOR AXELSEN,DEN,114156,15,25831
01/24/2023,2,ANTHONY SINISUKA GINTING,INA,77579,18,95661
01/24/2023,3,JONATAN CHRISTIE,INA,77462,19,73442
01/24/2023,4,LEE ZII JIA,MAS,76588,16,81561
01/24/2023,5,CHOU TIEN CHEN,TPE,76476,17,34810
01/24/2023,6,KUNLAVUT VITIDSARN,THA,72229,14,64032
01/24/2023,7,KODAI NARAOKA,JPN,70520,17,62063
01/24/2023,8,LOH KEAN YEW,SGP,69244,18,76115
01/24/2023,9,PRANNOY H. S.,IND,64280,17,83950
01/24/2023,10,LU GUANG ZU,CHN,58230,19,77427
01/24/2023,11,ZHAO JUN PENG,CHN,55161,17,95930
01/24/2023,12,LAKSHYA SEN,IND,54714,15,68870
01/24/2023,13,KENTA NISHIMOTO,JPN,51169,15,85394
01/24/2023,14,KIDAMBI SRIKANTH,IND,50651,16,93627
01/24/2023,15,RASMUS GEMKE,DEN,50251,11,62855
01/24/2023,16,LEE CHEUK YIU,HKG,49331,17,94780
01/24/2023,17,KANTA TSUNEYAMA,JPN,49328,11,57823
01/24/2023,18,NG KA LONG ANGUS,HKG,48967,15,45171
01/24/2023,19,KENTO MOMOTA,JPN,48444,11,89785
01/24/2023,20,LI SHI FENG,CHN,47543,15,95476
01/24/2023,21,ANDERS ANTONSEN,DEN,46953,9,91554
01/24/2023,22,WANG TZU WEI,TPE,46946,14,87375
01/24/2023,23,CHICO AURA DWI WARDOYO,INA,46698,16,71408
01/24/2023,24,WENG HONG YANG,CHN,43113,13,77042
01/24/2023,25,TOMA JUNIOR POPOV,FRA,43063,16,61628
01/24/2023,26,SHESAR HIREN RHUSTAVITO,INA,42733,16,81887
01/24/2023,27,SHI YU QI,CHN,42550,8,57945
01/24/2023,28,NG TZE YONG,MAS,40694,16,81362
01/24/2023,29,KANTAPHON WANGCHAROEN,THA,40642,18,92508
01/24/2023,30,BRIAN YANG,CAN,39740,17,63122
01/24/2023,31,LIEW DAREN,MAS,39239,16,52864
01/24/2023,32,SITTHIKOM THAMMASIN,THA,38926,16,58963
01/24/2023,33,NHAT NGUYEN,IRL,37199,18,85095
01/24/2023,34,HANS-KRISTIAN SOLBERG VITTINGHUS,DEN,36392,15,53753
01/24/2023,35,LIN CHUN-YI,TPE,34030,12,86114
01/24/2023,36,MISHA ZILBERMAN,ISR,33704,13,52953
01/24/2023,37,HEO KWANG HEE,KOR,33675,14,68718
01/24/2023,38,MARK CALJOUW,NED,32530,15,76973
01/24/2023,39,CHRISTO POPOV,FRA,31280,13,72885
01/24/2023,40,BRICE LEVERDEZ,FRA,30370,13,52968
01/24/2023,41,ARNAUD MERKLE,FRA,30323,13,59543
01/24/2023,42,MITHUN MANJUNATH,IND,29471,10,62720
01/24/2023,43,KIRAN GEORGE,IND,29217,13,68317
01/24/2023,44,KEVIN CORDON,GUA,27587,9,54897
01/24/2023,45,KOKI WATANABE,JPN,27180,10,97174
01/24/2023,46,SAMEER VERMA,IND,26960,9,77003
01/24/2023,47,CHEAM JUNE WEI,MAS,26910,16,92796
01/24/2023,48,VICTOR SVENDSEN,DEN,26840,14,59420
01/24/2023,49,YGOR COELHO,BRA,26489,13,96429
01/24/2023,50,CHIA HAO LEE,TPE,25710,17,59322
01/24/2023,51,SAI PRANEETH B.,IND,25660,12,42776
01/24/2023,52,LUÍS ENRIQUE PEÑALVER,ESP,24933,12,71221
01/24/2023,53,MEIRABA LUWANG MAISNAM,IND,24570,15,91651
01/24/2023,54,PRIYANSHU RAJAWAT,IND,24506,10,69093
01/24/2023,55,MADS CHRISTOPHERSEN,DEN,24400,13,83938
01/24/2023,56,SOONG JOO VEN,MAS,24360,12,87117
01/24/2023,57,JAN LOUDA,CZE,23540,13,61423
01/24/2023,58,PARUPALLI KASHYAP,IND,23430,8,53944
01/24/2023,59,MAGNUS JOHANNESEN,DEN,22900,16,97030
01/24/2023,60,JASON ANTHONY HO-SHUE,CAN,22267,9,93791
01/24/2023,61,KAI SCHAEFER,GER,21552,15,20808
01/24/2023,62,RIKU HATANO,JPN,21304,13,62018
01/24/2023,63,JIA HENG JASON TEH,SGP,21259,17,82606
01/24/2023,64,JEON HYEOK JIN,KOR,20999,9,65580
01/24/2023,65,LEONG JUN HAO,MAS,20967,12,84838
01/24/2023,66,URIEL FRANCISCO CANJURA ARTIGA,ESA,20950,10,74579
01/24/2023,67,CHI YU JEN,TPE,20910,16,77848
01/24/2023,68,TOMMY SUGIARTO,INA,20780,9,14587
01/24/2023,69,ALEX LANIER,FRA,20765,11,94580
01/24/2023,70,KALLE KOLJONEN,FIN,20591,12,92655
01/24/2023,71,MINORU KOGA,JPN,20560,10,80062
01/24/2023,72,FELIX BURESTEDT,SWE,20465,13,83985
01/24/2023,73,YUSHI TANAKA,JPN,20230,10,86672
01/24/2023,74,LU CHIA HUNG,TPE,20209,16,91254
01/24/2023,75,IKHSAN LEONARDO IMANUEL RUMBAY,INA,20041,10,90657
01/24/2023,76,DANYLO BOSNIUK,UKR,19878,16,58328
01/24/2023,77,JONATHAN MATIAS,BRA,19835,10,86470
01/24/2023,78,CHRISTIAN ADINATA,INA,19511,9,69006
01/24/2023,79,SU LI YANG,TPE,19320,16,94397
01/24/2023,80,ADE RESKY DWICAHYO,AZE,18900,17,78890
01/24/2023,81,MAX WEISSKIRCHEN,GER,18480,10,84815
01/24/2023,82,SON WAN HO,KOR,18340,5,54346
01/24/2023,83,LUCAS CLAERBOUT,FRA,18290,12,89506
01/24/2023,84,JORAN KWEEKEL,NED,17973,12,62286
01/24/2023,85,KARTIKEY GULSHAN KUMAR,IND,17960,12,64794
01/24/2023,86,BERNARDO ATILANO,POR,17818,11,83597
01/24/2023,87,SHOLEH AIDIL,MAS,17387,13,79110
01/24/2023,88,SATHISH KUMAR KARUNAKARAN,IND,17280,13,79164
01/24/2023,89,JULIEN CARRAGGI,BEL,17158,16,70399
01/24/2023,90,THOMAS ROUXEL,FRA,17110,7,38500
01/24/2023,91,LUKA WRABER,AUT,16623,17,56274
01/24/2023,92,GIOVANNI TOTI,ITA,16252,16,69253
01/24/2023,93,PABLO ABIAN,ESP,16250,12,14251
01/24/2023,94,CHEN CHI TING,TPE,16150,13,76994
01/24/2023,95,YEOH SENG ZOE,MAS,16080,11,95952
01/24/2023,96,SUN FEI XIANG,CHN,16000,9,57762
01/24/2023,97,MILAN DRATVA,SVK,15750,19,68819
01/24/2023,98,S.SANKAR MUTHUSAMY SUBRAMANIAN,IND,15570,18,91814
01/24/2023,99,KHOSIT PHETPRADAB,THA,15269,5,29449
01/17/2023,1,VIKTOR AXELSEN,DEN,114006,14,25831
01/17/2023,2,LEE ZII JIA,MAS,76588,15,81561
01/17/2023,3,ANTHONY SINISUKA GINTING,INA,76299,17,95661
01/17/2023,4,JONATAN CHRISTIE,INA,75812,18,73442
01/17/2023,5,CHOU TIEN CHEN,TPE,75466,16,34810
01/17/2023,6,KODAI NARAOKA,JPN,70520,16,62063
01/17/2023,7,LOH KEAN YEW,SGP,69244,17,76115
01/17/2023,8,KUNLAVUT VITIDSARN,THA,65079,13,64032
01/17/2023,9,PRANNOY H. S.,IND,64280,17,83950
01/17/2023,10,LU GUANG ZU,CHN,58230,18,77427
01/17/2023,11,ZHAO JUN PENG,CHN,53501,16,95930
01/17/2023,12,LAKSHYA SEN,IND,53394,14,68870
01/17/2023,13,KENTA NISHIMOTO,JPN,51169,14,85394
01/17/2023,14,KIDAMBI SRIKANTH,IND,50651,15,93627
01/17/2023,15,LEE CHEUK YIU,HKG,49331,16,94780
01/17/2023,16,KANTA TSUNEYAMA,JPN,49328,11,57823
01/17/2023,17,NG KA LONG ANGUS,HKG,48967,14,45171
01/17/2023,18,KENTO MOMOTA,JPN,47454,10,89785
01/17/2023,19,CHICO AURA DWI WARDOYO,INA,46698,15,71408
01/17/2023,20,RASMUS GEMKE,DEN,46421,10,62855
01/17/2023,21,WANG TZU WEI,TPE,46226,13,87375
01/17/2023,22,LI SHI FENG,CHN,44153,14,95476
01/17/2023,23,TOMA JUNIOR POPOV,FRA,43063,15,61628
01/17/2023,24,SHESAR HIREN RHUSTAVITO,INA,42733,15,81887
01/17/2023,25,WENG HONG YANG,CHN,42673,12,77042
01/17/2023,26,ANDERS ANTONSEN,DEN,42633,8,91554
01/17/2023,27,NG TZE YONG,MAS,40694,15,81362
01/17/2023,28,BRIAN YANG,CAN,39740,16,63122
01/17/2023,29,NHAT NGUYEN,IRL,39439,18,85095
01/17/2023,30,LIEW DAREN,MAS,39239,15,52864
01/17/2023,31,KANTAPHON WANGCHAROEN,THA,39122,17,92508
01/17/2023,32,SITTHIKOM THAMMASIN,THA,38926,16,58963
01/17/2023,33,SHI YU QI,CHN,38230,7,57945
01/17/2023,34,HANS-KRISTIAN SOLBERG VITTINGHUS,DEN,34292,14,53753
01/17/2023,35,ARNAUD MERKLE,FRA,34073,14,59543
01/17/2023,36,LIN CHUN-YI,TPE,34030,12,86114
01/17/2023,37,MITHUN MANJUNATH,IND,33861,11,62720
01/17/2023,38,MISHA ZILBERMAN,ISR,33704,13,52953
01/17/2023,39,HEO KWANG HEE,KOR,33675,14,68718
01/17/2023,40,MARK CALJOUW,NED,32530,15,76973
01/17/2023,41,CHRISTO POPOV,FRA,31280,13,72885
01/17/2023,42,BRICE LEVERDEZ,FRA,30370,13,52968
01/17/2023,43,KIRAN GEORGE,IND,29367,14,68317
01/17/2023,44,CHEAM JUNE WEI,MAS,29090,17,92796
01/17/2023,45,SAMEER VERMA,IND,28630,10,77003
01/17/2023,46,KEVIN CORDON,GUA,27587,9,54897
01/17/2023,47,KOKI WATANABE,JPN,27180,10,97174
01/17/2023,48,VICTOR SVENDSEN,DEN,26840,14,59420
01/17/2023,49,PRIYANSHU RAJAWAT,IND,26746,11,69093
01/17/2023,50,SOONG JOO VEN,MAS,26600,13,87117
01/17/2023,51,YGOR COELHO,BRA,26489,13,96429
01/17/2023,52,CHIA HAO LEE,TPE,25710,17,59322
01/17/2023,53,SAI PRANEETH B.,IND,25660,12,42776
01/17/2023,54,LUÍS ENRIQUE PEÑALVER,ESP,24933,12,71221
01/17/2023,55,MEIRABA LUWANG MAISNAM,IND,24570,16,91651
01/17/2023,56,MADS CHRISTOPHERSEN,DEN,24400,13,83938
01/17/2023,57,LUCAS CLAERBOUT,FRA,23730,13,89506
01/17/2023,58,JAN LOUDA,CZE,23540,13,61423
01/17/2023,59,PARUPALLI KASHYAP,IND,23430,8,53944
01/17/2023,60,MAGNUS JOHANNESEN,DEN,22900,17,97030
01/17/2023,61,KAI SCHAEFER,GER,22382,16,20808
01/17/2023,62,JASON ANTHONY HO-SHUE,CAN,22267,9,93791
01/17/2023,63,JIA HENG JASON TEH,SGP,21409,18,82606
01/17/2023,64,RIKU HATANO,JPN,21304,13,62018
01/17/2023,65,JEON HYEOK JIN,KOR,20999,9,65580
01/17/2023,66,LEONG JUN HAO,MAS,20967,12,84838
01/17/2023,67,URIEL FRANCISCO CANJURA ARTIGA,ESA,20950,10,74579
01/17/2023,68,CHI YU JEN,TPE,20910,16,77848
01/17/2023,69,TOMMY SUGIARTO,INA,20780,9,14587
01/17/2023,70,ALEX LANIER,FRA,20765,11,94580
01/17/2023,71,DANYLO BOSNIUK,UKR,20628,17,58328
01/17/2023,72,KALLE KOLJONEN,FIN,20591,12,92655
01/17/2023,73,MINORU KOGA,JPN,20560,10,80062
01/17/2023,74,FELIX BURESTEDT,SWE,20465,13,83985
01/17/2023,75,ADE RESKY DWICAHYO,AZE,20280,18,78890
01/17/2023,76,YUSHI TANAKA,JPN,20230,10,86672
01/17/2023,77,LU CHIA HUNG,TPE,20209,16,91254
01/17/2023,78,KARTIKEY GULSHAN KUMAR,IND,20200,13,64794
01/17/2023,79,JULIEN CARRAGGI,BEL,20088,17,70399
01/17/2023,80,IKHSAN LEONARDO IMANUEL RUMBAY,INA,20041,10,90657
01/17/2023,81,JONATHAN MATIAS,BRA,19835,10,86470
01/17/2023,82,CHRISTIAN ADINATA,INA,19511,9,69006
01/17/2023,83,SU LI YANG,TPE,19320,16,94397
01/17/2023,84,MAX WEISSKIRCHEN,GER,18480,10,84815
01/17/2023,85,SON WAN HO,KOR,18340,5,54346
01/17/2023,86,JORAN KWEEKEL,NED,17973,12,62286
01/17/2023,87,BERNARDO ATILANO,POR,17818,11,83597
01/17/2023,88,YEOH SENG ZOE,MAS,17700,12,95952
01/17/2023,89,SHOLEH AIDIL,MAS,17387,13,79110
01/17/2023,90,SATHISH KUMAR KARUNAKARAN,IND,17280,13,79164
01/17/2023,91,THOMAS ROUXEL,FRA,17110,7,38500
01/17/2023,92,LUKA WRABER,AUT,16623,17,56274
01/17/2023,93,S.SANKAR MUTHUSAMY SUBRAMANIAN,IND,16320,19,91814
01/17/2023,94,GIOVANNI TOTI,ITA,16252,16,69253
01/17/2023,95,PABLO ABIAN,ESP,16250,12,14251
01/17/2023,96,CHEN CHI TING,TPE,16150,13,76994
01/17/2023,97,SUN FEI XIANG,CHN,16000,9,57762
01/17/2023,98,MILAN DRATVA,SVK,15750,20,68819
01/17/2023,99,CHIRAG SEN,IND,15590,14,83657
01/10/2023,1,VIKTOR AXELSEN,DEN,108056,13,25831
01/10/2023,2,LEE ZII JIA,MAS,76588,14,81561
01/10/2023,3,JONATAN CHRISTIE,INA,75812,17,73442
01/10/2023,4,ANTHONY SINISUKA GINTING,INA,75749,16,95661
01/10/2023,5,CHOU TIEN CHEN,TPE,75466,15,34810
01/10/2023,6,LOH KEAN YEW,SGP,70444,17,76115
01/10/2023,7,KODAI NARAOKA,JPN,64640,15,62063
01/10/2023,8,PRANNOY H. S.,IND,62720,17,83950
01/10/2023,9,KUNLAVUT VITIDSARN,THA,59679,12,64032
01/10/2023,10,LAKSHYA SEN,IND,59594,14,68870
01/10/2023,11,LU GUANG ZU,CHN,58230,17,77427
01/10/2023,12,ZHAO JUN PENG,CHN,51361,15,95930
01/10/2023,13,KIDAMBI SRIKANTH,IND,50651,15,93627
01/10/2023,14,LEE CHEUK YIU,HKG,49331,15,94780
01/10/2023,15,NG KA LONG ANGUS,HKG,48627,13,45171
01/10/2023,16,KENTO MOMOTA,JPN,47454,10,89785
01/10/2023,17,KENTA NISHIMOTO,JPN,47229,13,85394
01/10/2023,18,WANG TZU WEI,TPE,46226,12,87375
01/10/2023,19,CHICO AURA DWI WARDOYO,INA,44118,14,71408
01/10/2023,20,LI SHI FENG,CHN,43813,13,95476
01/10/2023,21,RASMUS GEMKE,DEN,43421,9,62855
01/10/2023,22,BRIAN YANG,CAN,43160,16,63122
01/10/2023,23,TOMA JUNIOR POPOV,FRA,42723,14,61628
01/10/2023,24,SHESAR HIREN RHUSTAVITO,INA,42393,14,81887
01/10/2023,25,NG TZE YONG,MAS,42314,15,81362
01/10/2023,26,KANTA TSUNEYAMA,JPN,42228,10,57823
01/10/2023,27,WENG HONG YANG,CHN,41893,11,77042
01/10/2023,28,NHAT NGUYEN,IRL,41479,18,85095
01/10/2023,29,SITTHIKOM THAMMASIN,THA,38926,16,58963
01/10/2023,30,ANDERS ANTONSEN,DEN,37833,7,91554
01/10/2023,31,LIEW DAREN,MAS,37099,14,52864
01/10/2023,32,KANTAPHON WANGCHAROEN,THA,36982,16,92508
01/10/2023,33,MITHUN MANJUNATH,IND,35941,12,62720
01/10/2023,34,SHI YU QI,CHN,35230,6,57945
01/10/2023,35,ARNAUD MERKLE,FRA,34073,15,59543
01/10/2023,36,LIN CHUN-YI,TPE,34030,12,86114
01/10/2023,37,MISHA ZILBERMAN,ISR,33704,13,52953
01/10/2023,38,HEO KWANG HEE,KOR,33675,14,68718
01/10/2023,39,HANS-KRISTIAN SOLBERG VITTINGHUS,DEN,33512,13,53753
01/10/2023,40,MARK CALJOUW,NED,32530,15,76973
01/10/2023,41,CHRISTO POPOV,FRA,31280,13,72885
01/10/2023,42,SAMEER VERMA,IND,30560,11,77003
01/10/2023,43,BRICE LEVERDEZ,FRA,30370,13,52968
01/10/2023,44,KIRAN GEORGE,IND,30067,15,68317
01/10/2023,45,SOONG JOO VEN,MAS,29280,14,87117
01/10/2023,46,CHEAM JUNE WEI,MAS,29200,18,92796
01/10/2023,47,PRIYANSHU RAJAWAT,IND,28086,12,69093
01/10/2023,48,KEVIN CORDON,GUA,27587,9,54897
01/10/2023,49,KOKI WATANABE,JPN,27180,10,97174
01/10/2023,50,VICTOR SVENDSEN,DEN,26840,14,59420
01/10/2023,51,YGOR COELHO,BRA,26489,13,96429
01/10/2023,52,LUCAS CLAERBOUT,FRA,26410,14,89506
01/10/2023,53,CHIA HAO LEE,TPE,25710,17,59322
01/10/2023,54,SAI PRANEETH B.,IND,25660,12,42776
01/10/2023,55,LUÍS ENRIQUE PEÑALVER,ESP,24933,12,71221
01/10/2023,56,MEIRABA LUWANG MAISNAM,IND,24570,16,91651
01/10/2023,57,MADS CHRISTOPHERSEN,DEN,23950,12,83938
01/10/2023,58,JAN LOUDA,CZE,23540,13,61423
01/10/2023,59,PARUPALLI KASHYAP,IND,23430,8,53944
01/10/2023,60,TOMMY SUGIARTO,INA,23000,10,14587
01/10/2023,61,KALLE KOLJONEN,FIN,22821,12,92655
01/10/2023,62,FELIX BURESTEDT,SWE,22545,13,83985
01/10/2023,63,MAGNUS JOHANNESEN,DEN,22520,16,97030
01/10/2023,64,KAI SCHAEFER,GER,22382,15,20808
01/10/2023,65,JASON ANTHONY HO-SHUE,CAN,22267,9,93791
01/10/2023,66,KARTIKEY GULSHAN KUMAR,IND,21500,14,64794
01/10/2023,67,JIA HENG JASON TEH,SGP,21409,18,82606
01/10/2023,68,RIKU HATANO,JPN,21304,13,62018
01/10/2023,69,ALEX LANIER,FRA,21135,11,94580
01/10/2023,70,JEON HYEOK JIN,KOR,20999,9,65580
01/10/2023,71,LEONG JUN HAO,MAS,20967,12,84838
01/10/2023,72,URIEL FRANCISCO CANJURA ARTIGA,ESA,20950,10,74579
01/10/2023,73,CHI YU JEN,TPE,20910,16,77848
01/10/2023,74,DANYLO BOSNIUK,UKR,20628,16,58328
01/10/2023,75,ADE RESKY DWICAHYO,AZE,20280,17,78890
01/10/2023,76,LU CHIA HUNG,TPE,20209,16,91254
01/10/2023,77,KIM BRUUN,DEN,20160,9,96545
01/10/2023,78,JULIEN CARRAGGI,BEL,20088,17,70399
01/10/2023,79,IKHSAN LEONARDO IMANUEL RUMBAY,INA,20041,10,90657
01/10/2023,80,JONATHAN MATIAS,BRA,19835,10,86470
01/10/2023,81,MINORU KOGA,JPN,19640,9,80062
01/10/2023,82,CHRISTIAN ADINATA,INA,19511,9,69006
01/10/2023,83,SU LI YANG,TPE,19320,16,94397
01/10/2023,84,MAX WEISSKIRCHEN,GER,18480,10,84815
01/10/2023,85,SON WAN HO,KOR,18340,5,54346
01/10/2023,86,BERNARDO ATILANO,POR,17818,12,83597
01/10/2023,87,YUSHI TANAKA,JPN,17730,9,86672
01/10/2023,88,YEOH SENG ZOE,MAS,17700,12,95952
01/10/2023,89,PABLO ABIAN,ESP,17550,13,14251
01/10/2023,90,SHOLEH AIDIL,MAS,17387,13,79110
01/10/2023,91,SATHISH KUMAR KARUNAKARAN,IND,17280,13,79164
01/10/2023,92,JORAN KWEEKEL,NED,17203,11,62286
01/10/2023,93,THOMAS ROUXEL,FRA,17110,7,38500
01/10/2023,94,CHIRAG SEN,IND,16890,15,83657
01/10/2023,95,LUKA WRABER,AUT,16623,17,56274
01/10/2023,96,SUBHANKAR DEY,IND,16480,13,60967
01/10/2023,97,S.SANKAR MUTHUSAMY SUBRAMANIAN,IND,16320,19,91814
01/10/2023,98,GIOVANNI TOTI,ITA,16252,15,69253
01/10/2023,99,HARSHIT AGGARWAL,IND,16180,14,58670
01/03/2023,1,VIKTOR AXELSEN,DEN,108056,13,25831
01/03/2023,2,LEE ZII JIA,MAS,76588,14,81561
01/03/2023,3,JONATAN CHRISTIE,INA,75812,17,73442
01/03/2023,4,ANTHONY SINISUKA GINTING,INA,75749,16,95661
01/03/2023,5,CHOU TIEN CHEN,TPE,75466,15,34810
01/03/2023,6,LOH KEAN YEW,SGP,70444,17,76115
01/03/2023,7,KODAI NARAOKA,JPN,64640,15,62063
01/03/2023,8,PRANNOY H. S.,IND,62720,17,83950
01/03/2023,9,KUNLAVUT VITIDSARN,THA,59679,12,64032
01/03/2023,10,LAKSHYA SEN,IND,59594,14,68870
01/03/2023,11,LU GUANG ZU,CHN,58230,17,77427
01/03/2023,12,ZHAO JUN PENG,CHN,51361,15,95930
01/03/2023,13,KIDAMBI SRIKANTH,IND,50651,15,93627
01/03/2023,14,LEE CHEUK YIU,HKG,49331,15,94780
01/03/2023,15,NG KA LONG ANGUS,HKG,48627,13,45171
01/03/2023,16,KENTO MOMOTA,JPN,47454,10,89785
01/03/2023,17,KENTA NISHIMOTO,JPN,47229,13,85394
01/03/2023,18,WANG TZU WEI,TPE,46226,12,87375
01/03/2023,19,CHICO AURA DWI WARDOYO,INA,44118,14,71408
01/03/2023,20,LI SHI FENG,CHN,43813,13,95476
01/03/2023,21,RASMUS GEMKE,DEN,43421,9,62855
01/03/2023,22,BRIAN YANG,CAN,43160,16,63122
01/03/2023,23,TOMA JUNIOR POPOV,FRA,42723,14,61628
01/03/2023,24,SHESAR HIREN RHUSTAVITO,INA,42393,14,81887
01/03/2023,25,NG TZE YONG,MAS,42314,15,81362
01/03/2023,26,KANTA TSUNEYAMA,JPN,42228,10,57823
01/03/2023,27,WENG HONG YANG,CHN,41893,11,77042
01/03/2023,28,NHAT NGUYEN,IRL,41479,18,85095
01/03/2023,29,SITTHIKOM THAMMASIN,THA,38926,16,58963
01/03/2023,30,ANDERS ANTONSEN,DEN,37833,7,91554
01/03/2023,31,LIEW DAREN,MAS,37099,14,52864
01/03/2023,32,KANTAPHON WANGCHAROEN,THA,36982,16,92508
01/03/2023,33,MITHUN MANJUNATH,IND,35941,12,62720
01/03/2023,34,SHI YU QI,CHN,35230,6,57945
01/03/2023,35,ARNAUD MERKLE,FRA,34073,15,59543
01/03/2023,36,LIN CHUN-YI,TPE,34030,12,86114
01/03/2023,37,MISHA ZILBERMAN,ISR,33704,13,52953
01/03/2023,38,HEO KWANG HEE,KOR,33675,14,68718
01/03/2023,39,HANS-KRISTIAN SOLBERG VITTINGHUS,DEN,33512,13,53753
01/03/2023,40,MARK CALJOUW,NED,32530,15,76973
01/03/2023,41,CHRISTO POPOV,FRA,31280,13,72885
01/03/2023,42,SAMEER VERMA,IND,30560,11,77003
01/03/2023,43,BRICE LEVERDEZ,FRA,30370,13,52968
01/03/2023,44,KIRAN GEORGE,IND,30067,15,68317
01/03/2023,45,SOONG JOO VEN,MAS,29280,14,87117
01/03/2023,46,CHEAM JUNE WEI,MAS,29200,18,92796
01/03/2023,47,PRIYANSHU RAJAWAT,IND,28086,12,69093
01/03/2023,48,KEVIN CORDON,GUA,27587,9,54897
01/03/2023,49,KOKI WATANABE,JPN,27180,10,97174
01/03/2023,50,VICTOR SVENDSEN,DEN,26840,14,59420
01/03/2023,51,YGOR COELHO,BRA,26489,13,96429
01/03/2023,52,LUCAS CLAERBOUT,FRA,26410,14,89506
01/03/2023,53,CHIA HAO LEE,TPE,25710,17,59322
01/03/2023,54,SAI PRANEETH B.,IND,25660,12,42776
01/03/2023,55,LUÍS ENRIQUE PEÑALVER,ESP,24933,12,71221
01/03/2023,56,MEIRABA LUWANG MAISNAM,IND,24570,16,91651
01/03/2023,57,MADS CHRISTOPHERSEN,DEN,23950,12,83938
01/03/2023,58,JAN LOUDA,CZE,23540,13,61423
01/03/2023,59,PARUPALLI KASHYAP,IND,23430,8,53944
01/03/2023,60,TOMMY SUGIARTO,INA,23000,10,14587
01/03/2023,61,KALLE KOLJONEN,FIN,22821,12,92655
01/03/2023,62,FELIX BURESTEDT,SWE,22545,13,83985
01/03/2023,63,MAGNUS JOHANNESEN,DEN,22520,16,97030
01/03/2023,64,KAI SCHAEFER,GER,22382,15,20808
01/03/2023,65,JASON ANTHONY HO-SHUE,CAN,22267,9,93791
01/03/2023,66,KARTIKEY GULSHAN KUMAR,IND,21500,14,64794
01/03/2023,67,JIA HENG JASON TEH,SGP,21409,18,82606
01/03/2023,68,RIKU HATANO,JPN,21304,13,62018
01/03/2023,69,ALEX LANIER,FRA,21135,11,94580
01/03/2023,70,JEON HYEOK JIN,KOR,20999,9,65580
01/03/2023,71,LEONG JUN HAO,MAS,20967,12,84838
01/03/2023,72,URIEL FRANCISCO CANJURA ARTIGA,ESA,20950,10,74579
01/03/2023,73,CHI YU JEN,TPE,20910,16,77848
01/03/2023,74,DANYLO BOSNIUK,UKR,20628,16,58328
01/03/2023,75,ADE RESKY DWICAHYO,AZE,20280,17,78890
01/03/2023,76,LU CHIA HUNG,TPE,20209,16,91254
01/03/2023,77,KIM BRUUN,DEN,20160,9,96545
01/03/2023,78,JULIEN CARRAGGI,BEL,20088,17,70399
01/03/2023,79,IKHSAN LEONARDO IMANUEL RUMBAY,INA,20041,10,90657
01/03/2023,80,JONATHAN MATIAS,BRA,19835,10,86470
01/03/2023,81,MINORU KOGA,JPN,19640,9,80062
01/03/2023,82,CHRISTIAN ADINATA,INA,19511,9,69006
01/03/2023,83,SU LI YANG,TPE,19320,16,94397
01/03/2023,84,MAX WEISSKIRCHEN,GER,18480,10,84815
01/03/2023,85,SON WAN HO,KOR,18340,5,54346
01/03/2023,86,BERNARDO ATILANO,POR,17818,12,83597
01/03/2023,87,YUSHI TANAKA,JPN,17730,9,86672
01/03/2023,88,YEOH SENG ZOE,MAS,17700,12,95952
01/03/2023,89,PABLO ABIAN,ESP,17550,13,14251
01/03/2023,90,SHOLEH AIDIL,MAS,17387,13,79110
01/03/2023,91,SATHISH KUMAR KARUNAKARAN,IND,17280,13,79164
01/03/2023,92,JORAN KWEEKEL,NED,17203,11,62286
01/03/2023,93,THOMAS ROUXEL,FRA,17110,7,38500
01/03/2023,94,CHIRAG SEN,IND,16890,15,83657
01/03/2023,95,LUKA WRABER,AUT,16623,17,56274
01/03/2023,96,SUBHANKAR DEY,IND,16480,13,60967
01/03/2023,97,S.SANKAR MUTHUSAMY SUBRAMANIAN,IND,16320,19,91814
01/03/2023,98,GIOVANNI TOTI,ITA,16252,15,69253
01/03/2023,99,HARSHIT AGGARWAL,IND,16180,14,58670
